Identyfikatory i nazwy jednostek podzia≥u terytorialnego kraju;;;;
obowiπzujπce od 1 stycznia 2011 r.;;;;
(stan na dzieÒ: 1 stycznia 2021 r.);;;;
;;;;
"èrÛd≥o: Za≥πcznik nr 1 do rozporzπdzenia Rady MinistrÛw z dn. 15 grudnia 1998 r.
w sprawie szczegÛ≥owych zasad prowadzenia, stosowania i udostÍpniania krajowego rejestru urzÍdowego podzia≥u terytorialnego kraju oraz zwiπzanych z tym obowiπzkÛw organÛw administracji rzπdowej i jednostek samorzπdu terytorialnego
(Dz. U. Nr 157, poz. 1031 z pÛün. zm.)";;;;
;;;;
Nazwa jednostki;Identyfikator;;;
WOJEW”DZTWO DOLNOåL•SKIE;;;;
Powiat boles≥awiecki;;;;
Gmina miejska:;;;;
Boles≥awiec;020101 1;;;
Gminy:;;;;
Boles≥awiec;020102 2;;;
Gromadka;020103 2;;;
Nowogrodziec;020104 3;;;
Nowogrodziec ñ miasto;020104 4;;;
Nowogrodziec ñ obszar wiejski;020104 5;;;
Osiecznica;020105 2;;;
Warta Boles≥awiecka;020106 2;;;
Powiat dzierøoniowski;;;;
Gminy miejskie:;;;;
Bielawa;020201 1;;;
DzierøoniÛw;020202 1;;;
Pieszyce;020203 1;kod wygas≥ 31.12.2015;;
Pi≥awa GÛrna;020204 1;;;
Gminy:;;;;
DzierøoniÛw;020205 2;;;
£agiewniki;020206 2;;;
Niemcza;020207 3;;;
Niemcza ñ miasto;020207 4;;;
Niemcza ñ obszar wiejski;020207 5;;;
Pieszyce;020203 3;obowiπzuje od 01.01.2016;;
Pieszyce ñ miasto;020203 4;obowiπzuje od 01.01.2016;;
Pieszyce ñ obszar wiejski;020203 5;obowiπzuje od 01.01.2016;;
Powiat g≥ogowski;;;;
Gmina miejska:;;;;
G≥ogÛw;020301 1;;;
Gminy:;;;;
G≥ogÛw;020302 2;;;
Jerzmanowa;020303 2;;;
Kotla;020304 2;;;
PÍc≥aw;020305 2;;;
Øukowice;020306 2;;;
Powiat gÛrowski;;;;
Gminy:;;;;
GÛra;020401 3;;;
GÛra ñ miasto;020401 4;;;
GÛra ñ obszar wiejski;020401 5;;;
Jemielno;020402 2;;;
NiechlÛw;020403 2;;;
Wπsosz;020404 3;;;
Wπsosz ñ miasto;020404 4;;;
Wπsosz ñ obszar wiejski;020404 5;;;
Powiat jaworski;;;;
Gmina miejska:;;;;
Jawor;020501 1;;;
Gminy:;;;;
BolkÛw;020502 3;;;
BolkÛw ñ miasto;020502 4;;;
BolkÛw ñ obszar wiejski;020502 5;;;
MÍcinka;020503 2;;;
MúciwojÛw;020504 2;;;
Paszowice;020505 2;;;
Wπdroøe Wielkie;020506 2;;;
Powiat karkonoski;;do 31.12.2020 powiat jeleniogÛrski;;
Gminy miejskie:;;;;
Karpacz;020601 1;;;
Kowary;020602 1;;;
Piechowice;020603 1;;;
Szklarska PorÍba;020604 1;;;
Gminy:;;;;
Janowice Wielkie;020605 2;;;
JeøÛw Sudecki;020606 2;;;
Mys≥akowice;020607 2;;;
PodgÛrzyn;020608 2;;;
Stara Kamienica;020609 2;;;
Powiat kamiennogÛrski;;;;
Gmina miejska:;;;;
Kamienna GÛra;020701 1;;;
Gminy:;;;;
Kamienna GÛra;020702 2;;;
Lubawka;020703 3;;;
Lubawka ñ miasto;020703 4;;;
Lubawka ñ obszar wiejski;020703 5;;;
MarciszÛw;020704 2;;;
Powiat k≥odzki;;;;
Gminy miejskie:;;;;
Duszniki-ZdrÛj;020801 1;;;
K≥odzko;020802 1;;;
Kudowa-ZdrÛj;020803 1;;;
Nowa Ruda;020804 1;;;
Polanica-ZdrÛj;020805 1;;;
Gminy:;;;;
Bystrzyca K≥odzka;020806 3;;;
Bystrzyca K≥odzka ñ miasto;020806 4;;;
Bystrzyca K≥odzka ñ obszar wiejski;020806 5;;;
K≥odzko;020807 2;;;
Lπdek-ZdrÛj;020808 3;;;
Lπdek-ZdrÛj ñ miasto;020808 4;;;
Lπdek-ZdrÛj ñ obszar wiejski;020808 5;;;
Lewin K≥odzki;020809 2;;;
MiÍdzylesie;020810 3;;;
MiÍdzylesie ñ miasto;020810 4;;;
MiÍdzylesie ñ obszar wiejski;020810 5;;;
Nowa Ruda;020811 2;;;
RadkÛw;020812 3;;;
RadkÛw ñ miasto;020812 4;;;
RadkÛw ñ obszar wiejski;020812 5;;;
Stronie ålπskie;020813 3;;;
Stronie ålπskie ñ miasto;020813 4;;;
Stronie ålπskie ñ obszar wiejski;020813 5;;;
Szczytna;020814 3;;;
Szczytna ñ miasto;020814 4;;;
Szczytna ñ obszar wiejski;020814 5;;;
Powiat legnicki;;;;
Gmina miejska:;;;;
ChojnÛw;020901 1;;;
Gminy:;;;;
ChojnÛw;020902 2;;;
Krotoszyce;020903 2;;;
Kunice;020904 2;;;
Legnickie Pole;020905 2;;;
Mi≥kowice;020906 2;;;
Prochowice;020907 3;;;
Prochowice ñ miasto;020907 4;;;
Prochowice ñ obszar wiejski;020907 5;;;
Ruja;020908 2;;;
Powiat lubaÒski;;;;
Gminy miejskie:;;;;
LubaÒ;021001 1;;;
åwieradÛw-ZdrÛj;021002 1;;;
Gminy:;;;;
Leúna;021003 3;;;
Leúna ñ miasto;021003 4;;;
Leúna ñ obszar wiejski;021003 5;;;
LubaÒ;021004 2;;;
Olszyna;021005 3;;;
Olszyna ñ miasto;021005 4;;;
Olszyna ñ obszar wiejski;021005 5;;;
PlaterÛwka;021006 2;;;
Siekierczyn;021007 2;;;
Powiat lubiÒski;;;;
Gmina miejska:;;;;
Lubin;021101 1;;;
Gminy:;;;;
Lubin;021102 2;;;
Rudna;021103 2;;;
åcinawa;021104 3;;;
åcinawa ñ miasto;021104 4;;;
åcinawa ñ obszar wiejski;021104 5;;;
Powiat lwÛwecki;;;;
Gminy:;;;;
GryfÛw ålπski;021201 3;;;
GryfÛw ålπski ñ miasto;021201 4;;;
GryfÛw ålπski ñ obszar wiejski;021201 5;;;
Lubomierz;021202 3;;;
Lubomierz ñ miasto;021202 4;;;
Lubomierz ñ obszar wiejski;021202 5;;;
LwÛwek ålπski;021203 3;;;
LwÛwek ålπski ñ miasto;021203 4;;;
LwÛwek ålπski ñ obszar wiejski;021203 5;;;
Mirsk;021204 3;;;
Mirsk ñ miasto;021204 4;;;
Mirsk ñ obszar wiejski;021204 5;;;
WleÒ;021205 3;;;
WleÒ ñ miasto;021205 4;;;
WleÒ ñ obszar wiejski;021205 5;;;
Powiat milicki;;;;
Gminy:;;;;
CieszkÛw;021301 2;;;
Kroúnice;021302 2;;;
Milicz;021303 3;;;
Milicz ñ miasto;021303 4;;;
Milicz ñ obszar wiejski;021303 5;;;
Powiat oleúnicki;;;;
Gmina miejska:;;;;
Oleúnica;021401 1;;;
Gminy:;;;;
BierutÛw;021402 3;;;
BierutÛw ñ miasto;021402 4;;;
BierutÛw ñ obszar wiejski;021402 5;;;
Dobroszyce;021403 2;;;
Dziadowa K≥oda;021404 2;;;
MiÍdzybÛrz;021405 3;;;
MiÍdzybÛrz ñ miasto;021405 4;;;
MiÍdzybÛrz ñ obszar wiejski;021405 5;;;
Oleúnica;021406 2;;;
SycÛw;021407 3;;;
SycÛw ñ miasto;021407 4;;;
SycÛw ñ obszar wiejski;021407 5;;;
TwardogÛra;021408 3;;;
TwardogÛra ñ miasto;021408 4;;;
TwardogÛra ñ obszar wiejski;021408 5;;;
Powiat o≥awski;;;;
Gmina miejska:;;;;
O≥awa;021501 1;;;
Gminy:;;;;
DomaniÛw;021502 2;;;
Jelcz-Laskowice;021503 3;;;
Jelcz-Laskowice ñ miasto;021503 4;;;
Jelcz-Laskowice ñ obszar wiejski;021503 5;;;
O≥awa;021504 2;;;
Powiat polkowicki;;;;
Gminy:;;;;
ChocianÛw;021601 3;;;
ChocianÛw ñ miasto;021601 4;;;
ChocianÛw ñ obszar wiejski;021601 5;;;
Gaworzyce;021602 2;;;
GrÍbocice;021603 2;;;
Polkowice;021604 3;;;
Polkowice ñ miasto;021604 4;;;
Polkowice ñ obszar wiejski;021604 5;;;
PrzemkÛw;021605 3;;;
PrzemkÛw ñ miasto;021605 4;;;
PrzemkÛw ñ obszar wiejski;021605 5;;;
Radwanice;021606 2;;;
Powiat strzeliÒski;;;;
Gminy:;;;;
BorÛw;021701 2;;;
Kondratowice;021702 2;;;
Przeworno;021703 2;;;
Strzelin;021704 3;;;
Strzelin ñ miasto;021704 4;;;
Strzelin ñ obszar wiejski;021704 5;;;
WiπzÛw;021705 3;;;
WiπzÛw ñ miasto;021705 4;;;
WiπzÛw ñ obszar wiejski;021705 5;;;
Powiat úredzki;;;;
Gminy:;;;;
Kostom≥oty;021801 2;;;
Malczyce;021802 2;;;
MiÍkinia;021803 2;;;
åroda ålπska;021804 3;;;
åroda ålπska ñ miasto;021804 4;;;
åroda ålπska ñ obszar wiejski;021804 5;;;
Udanin;021805 2;;;
Powiat úwidnicki;;;;
Gminy miejskie:;;;;
åwidnica;021901 1;;;
åwiebodzice;021902 1;;;
Gminy:;;;;
Dobromierz;021903 2;;;
Jaworzyna ålπska;021904 3;;;
Jaworzyna ålπska ñ miasto;021904 4;;;
Jaworzyna ålπska ñ obszar wiejski;021904 5;;;
Marcinowice;021905 2;;;
Strzegom;021906 3;;;
Strzegom ñ miasto;021906 4;;;
Strzegom ñ obszar wiejski;021906 5;;;
åwidnica;021907 2;;;
ØarÛw;021908 3;;;
ØarÛw ñ miasto;021908 4;;;
ØarÛw ñ obszar wiejski;021908 5;;;
Powiat trzebnicki;;;;
Gminy:;;;;
Oborniki ålπskie;022001 3;;;
Oborniki ålπskie ñ miasto;022001 4;;;
Oborniki ålπskie ñ obszar wiejski;022001 5;;;
Prusice;022002 3;;;
Prusice ñ miasto;022002 4;;;
Prusice ñ obszar wiejski;022002 5;;;
Trzebnica;022003 3;;;
Trzebnica ñ miasto;022003 4;;;
Trzebnica ñ obszar wiejski;022003 5;;;
Wisznia Ma≥a;022004 2;;;
Zawonia;022005 2;;;
ØmigrÛd;022006 3;;;
ØmigrÛd ñ miasto;022006 4;;;
ØmigrÛd ñ obszar wiejski;022006 5;;;
Powiat wa≥brzyski;;;;
Gminy miejskie:;;;;
BoguszÛw-Gorce;022101 1;;;
Jedlina-ZdrÛj;022102 1;;;
Szczawno-ZdrÛj;022103 1;;;
Wa≥brzych;022109 1;kod wygas≥ 31.12.2012;;
Gminy:;;;;
Czarny BÛr;022104 2;;;
G≥uszyca;022105 3;;;
G≥uszyca ñ miasto;022105 4;;;
G≥uszyca ñ obszar wiejski;022105 5;;;
MieroszÛw;022106 3;;;
MieroszÛw ñ miasto;022106 4;;;
MieroszÛw ñ obszar wiejski;022106 5;;;
Stare Bogaczowice;022107 2;;;
Walim;022108 2;;;
Powiat wo≥owski;;;;
Gminy:;;;;
Brzeg Dolny;022201 3;;;
Brzeg Dolny ñ miasto;022201 4;;;
Brzeg Dolny ñ obszar wiejski;022201 5;;;
WiÒsko;022202 2;;;
Wo≥Ûw;022203 3;;;
Wo≥Ûw ñ miasto;022203 4;;;
Wo≥Ûw ñ obszar wiejski;022203 5;;;
Powiat wroc≥awski;;;;
Gminy:;;;;
Czernica;022301 2;;;
D≥ugo≥Íka;022302 2;;;
JordanÛw ålπski;022303 2;;;
Kπty Wroc≥awskie;022304 3;;;
Kπty Wroc≥awskie ñ miasto;022304 4;;;
Kπty Wroc≥awskie ñ obszar wiejski;022304 5;;;
Kobierzyce;022305 2;;;
MietkÛw;022306 2;;;
Siechnice;022308 3;;;
Siechnice ñ miasto;022308 4;;;
Siechnice ñ obszar wiejski;022308 5;;;
SobÛtka;022307 3;;;
SobÛtka ñ miasto;022307 4;;;
SobÛtka ñ obszar wiejski;022307 5;;;
ØÛrawina;022309 2;;;
Powiat zπbkowicki;;;;
Gminy:;;;;
Bardo;022401 3;;;
Bardo ñ miasto;022401 4;;;
Bardo ñ obszar wiejski;022401 5;;;
Ciep≥owody;022402 2;;;
Kamieniec Zπbkowicki;022403 2;kod wygas≥ 31.12.2020;;
Kamieniec Zπbkowicki;022403 3;obowiπzuje od 01.01.2021;;
Kamieniec Zπbkowicki ñ miasto;022403 4;obowiπzuje od 01.01.2021;;
Kamieniec Zπbkowicki ñ obszar wiejski;022403 5;obowiπzuje od 01.01.2021;;
Stoszowice;022404 2;;;
Zπbkowice ålπskie;022405 3;;;
Zπbkowice ålπskie ñ miasto;022405 4;;;
Zπbkowice ålπskie ñ obszar wiejski;022405 5;;;
ZiÍbice;022406 3;;;
ZiÍbice ñ miasto;022406 4;;;
ZiÍbice ñ obszar wiejski;022406 5;;;
Z≥oty Stok;022407 3;;;
Z≥oty Stok ñ miasto;022407 4;;;
Z≥oty Stok ñ obszar wiejski;022407 5;;;
Powiat zgorzelecki;;;;
Gminy miejskie:;;;;
ZawidÛw;022501 1;;;
Zgorzelec;022502 1;;;
Gminy:;;;;
Bogatynia;022503 3;;;
Bogatynia ñ miasto;022503 4;;;
Bogatynia ñ obszar wiejski;022503 5;;;
PieÒsk;022504 3;;;
PieÒsk ñ miasto;022504 4;;;
PieÒsk ñ obszar wiejski;022504 5;;;
SulikÛw;022505 2;;;
WÍgliniec;022506 3;;;
WÍgliniec ñ miasto;022506 4;;;
WÍgliniec ñ obszar wiejski;022506 5;;;
Zgorzelec;022507 2;;;
Powiat z≥otoryjski;;;;
Gminy miejskie:;;;;
WojcieszÛw;022601 1;;;
Z≥otoryja;022602 1;;;
Gminy:;;;;
Pielgrzymka;022603 2;;;
åwierzawa;022604 3;;;
åwierzawa ñ miasto;022604 4;;;
åwierzawa ñ obszar wiejski;022604 5;;;
Zagrodno;022605 2;;;
Z≥otoryja;022606 2;;;
Miasta na prawach powiatu:;;;;
Powiat m. Jelenia GÛra;;;;
M. Jelenia GÛra;026101 1;;;
Powiat m. Legnica;;;;
M. Legnica;026201 1;;;
Powiat m. Wa≥brzych;;;;
M. Wa≥brzych;026501 1;obowiπzuje od 01.01.2013;;
Powiat m. Wroc≥aw ;;;;
M. Wroc≥aw;026401 1;;;
Delegatury:;;;;
Wroc≥aw-Fabryczna;026402 9;;;
Wroc≥aw-Krzyki;026403 9;;;
Wroc≥aw-Psie Pole;026404 9;;;
Wroc≥aw-Stare Miasto;026405 9;;;
Wroc≥aw-årÛdmieúcie;026406 9;;;
WOJEW”DZTWO KUJAWSKO-POMORSKIE;;;;
Powiat aleksandrowski;;;;
Gminy miejskie:;;;;
AleksandrÛw Kujawski;040101 1;;;
Ciechocinek;040102 1;;;
Nieszawa;040103 1;;;
Gminy:;;;;
AleksandrÛw Kujawski;040104 2;;;
Bπdkowo;040105 2;;;
Koneck;040106 2;;;
Raciπøek;040107 2;;;
Waganiec;040108 2;;;
Zakrzewo;040109 2;;;
Powiat brodnicki;;;;
Gmina miejska:;;;;
Brodnica;040201 1;;;
Gminy:;;;;
Bartniczka;040206 2;;;
Bobrowo;040202 2;;;
Brodnica;040203 2;;;
Brzozie;040204 2;;;
GÛrzno;040205 3;;;
GÛrzno ñ miasto;040205 4;;;
GÛrzno ñ obszar wiejski;040205 5;;;
Jab≥onowo Pomorskie;040207 3;;;
Jab≥onowo Pomorskie ñ miasto;040207 4;;;
Jab≥onowo Pomorskie ñ obszar wiejski;040207 5;;;
Osiek;040208 2;;;
åwiedziebnia;040209 2;;;
Zbiczno;040210 2;;;
Powiat bydgoski;;;;
Gminy:;;;;
Bia≥e B≥ota;040301 2;;;
Dπbrowa Che≥miÒska;040302 2;;;
Dobrcz;040303 2;;;
Koronowo;040304 3;;;
Koronowo ñ miasto;040304 4;;;
Koronowo ñ obszar wiejski;040304 5;;;
Nowa Wieú Wielka;040305 2;;;
Osielsko;040306 2;;;
Sicienko;040307 2;;;
Solec Kujawski;040308 3;;;
Solec Kujawski ñ miasto;040308 4;;;
Solec Kujawski ñ obszar wiejski;040308 5;;;
Powiat che≥miÒski;;;;
Gmina miejska:;;;;
Che≥mno;040401 1;;;
Gminy:;;;;
Che≥mno;040402 2;;;
Kijewo KrÛlewskie;040403 2;;;
Lisewo;040404 2;;;
Papowo Biskupie;040405 2;;;
Stolno;040406 2;;;
Unis≥aw;040407 2;;;
Powiat golubsko-dobrzyÒski;;;;
Gmina miejska:;;;;
Golub-DobrzyÒ;040501 1;;;
Gminy:;;;;
Ciechocin;040502 2;;;
Golub-DobrzyÒ;040503 2;;;
Kowalewo Pomorskie;040504 3;;;
Kowalewo Pomorskie ñ miasto;040504 4;;;
Kowalewo Pomorskie ñ obszar wiejski;040504 5;;;
Radomin;040505 2;;;
ZbÛjno;040506 2;;;
Powiat grudziπdzki;;;;
Gminy:;;;;
Grudziπdz;040601 2;;;
Gruta;040602 2;;;
£asin;040603 3;;;
£asin ñ miasto;040603 4;;;
£asin ñ obszar wiejski;040603 5;;;
RadzyÒ Che≥miÒski;040604 3;;;
RadzyÒ Che≥miÒski ñ miasto;040604 4;;;
RadzyÒ Che≥miÒski ñ obszar wiejski;040604 5;;;
RogÛüno;040605 2;;;
åwiecie nad Osπ;040606 2;;;
Powiat inowroc≥awski;;;;
Gmina miejska:;;;;
Inowroc≥aw;040701 1;;;
Gminy:;;;;
Dπbrowa Biskupia;040702 2;;;
Gniewkowo;040703 3;;;
Gniewkowo ñ miasto;040703 4;;;
Gniewkowo ñ obszar wiejski;040703 5;;;
Inowroc≥aw;040704 2;;;
Janikowo;040705 3;;;
Janikowo ñ miasto;040705 4;;;
Janikowo ñ obszar wiejski;040705 5;;;
Kruszwica;040706 3;;;
Kruszwica ñ miasto;040706 4;;;
Kruszwica ñ obszar wiejski;040706 5;;;
PakoúÊ;040707 3;;;
PakoúÊ ñ miasto;040707 4;;;
PakoúÊ ñ obszar wiejski;040707 5;;;
Rojewo;040708 2;;;
Z≥otniki Kujawskie;040709 2;;;
Powiat lipnowski;;;;
Gmina miejska:;;;;
Lipno;040801 1;;;
Gminy:;;;;
Bobrowniki;040802 2;;;
Chrostkowo;040803 2;;;
DobrzyÒ nad Wis≥π;040804 3;;;
DobrzyÒ nad Wis≥π ñ miasto;040804 4;;;
DobrzyÒ nad Wis≥π ñ obszar wiejski;040804 5;;;
KikÛ≥;040805 2;;;
Lipno;040806 2;;;
SkÍpe;040807 3;;;
SkÍpe ñ miasto;040807 4;;;
SkÍpe ñ obszar wiejski;040807 5;;;
T≥uchowo;040808 2;;;
Wielgie;040809 2;;;
Powiat mogileÒski;;;;
Gminy:;;;;
Dπbrowa;040901 2;;;
Jeziora Wielkie;040902 2;;;
Mogilno;040903 3;;;
Mogilno ñ miasto;040903 4;;;
Mogilno ñ obszar wiejski;040903 5;;;
Strzelno;040904 3;;;
Strzelno ñ miasto;040904 4;;;
Strzelno ñ obszar wiejski;040904 5;;;
Powiat nakielski;;;;
Gminy:;;;;
Kcynia;041001 3;;;
Kcynia ñ miasto;041001 4;;;
Kcynia ñ obszar wiejski;041001 5;;;
Mrocza;041002 3;;;
Mrocza ñ miasto;041002 4;;;
Mrocza ñ obszar wiejski;041002 5;;;
Nak≥o nad Noteciπ;041003 3;;;
Nak≥o nad Noteciπ ñ miasto;041003 4;;;
Nak≥o nad Noteciπ ñ obszar wiejski;041003 5;;;
Sadki;041004 2;;;
Szubin;041005 3;;;
Szubin ñ miasto;041005 4;;;
Szubin ñ obszar wiejski;041005 5;;;
Powiat radziejowski;;;;
Gmina miejska:;;;;
RadziejÛw;041101 1;;;
Gminy:;;;;
BytoÒ;041102 2;;;
Dobre;041103 2;;;
OsiÍciny;041104 2;;;
PiotrkÛw Kujawski;041105 3;;;
PiotrkÛw Kujawski ñ miasto;041105 4;;;
PiotrkÛw Kujawski ñ obszar wiejski;041105 5;;;
RadziejÛw;041106 2;;;
TopÛlka;041107 2;;;
Powiat rypiÒski;;;;
Gmina miejska:;;;;
Rypin;041201 1;;;
Gminy:;;;;
Brzuze;041202 2;;;
Rogowo;041203 2;;;
Rypin;041204 2;;;
Skrwilno;041205 2;;;
Wπpielsk;041206 2;;;
Powiat sÍpoleÒski;;;;
Gminy:;;;;
KamieÒ KrajeÒski;041301 3;;;
KamieÒ KrajeÒski ñ miasto;041301 4;;;
KamieÒ KrajeÒski ñ obszar wiejski;041301 5;;;
SÍpÛlno KrajeÒskie;041302 3;;;
SÍpÛlno KrajeÒskie ñ miasto;041302 4;;;
SÍpÛlno KrajeÒskie ñ obszar wiejski;041302 5;;;
Soúno;041303 2;;;
WiÍcbork;041304 3;;;
WiÍcbork ñ miasto;041304 4;;;
WiÍcbork ñ obszar wiejski;041304 5;;;
Powiat úwiecki;;;;
Gminy:;;;;
Bukowiec;041401 2;;;
Dragacz;041402 2;;;
Drzycim;041403 2;;;
Jeøewo;041404 2;;;
Lniano;041405 2;;;
Nowe;041406 3;;;
Nowe ñ miasto;041406 4;;;
Nowe ñ obszar wiejski;041406 5;;;
Osie;041407 2;;;
Pruszcz;041408 2;;;
åwiecie;041409 3;;;
åwiecie ñ miasto;041409 4;;;
åwiecie ñ obszar wiejski;041409 5;;;
åwiekatowo;041410 2;;;
Warlubie;041411 2;;;
Powiat toruÒski;;;;
Gmina miejska:;;;;
Che≥møa;041501 1;;;
Gminy:;;;;
Che≥møa;041502 2;;;
Czernikowo;041503 2;;;
Lubicz;041504 2;;;
£ubianka;041505 2;;;
£ysomice;041506 2;;;
Obrowo;041507 2;;;
Wielka Nieszawka;041508 2;;;
Z≥awieú Wielka;041509 2;;;
Powiat tucholski;;;;
Gminy:;;;;
Cekcyn;041601 2;;;
Gostycyn;041602 2;;;
KÍsowo;041603 2;;;
Lubiewo;041604 2;;;
åliwice;041605 2;;;
Tuchola;041606 3;;;
Tuchola ñ miasto;041606 4;;;
Tuchola ñ obszar wiejski;041606 5;;;
Powiat wπbrzeski;;;;
Gmina miejska:;;;;
Wπbrzeüno;041701 1;;;
Gminy:;;;;
DÍbowa £πka;041702 2;;;
Ksiπøki;041703 2;;;
P≥uønica;041704 2;;;
RyÒsk;041705 2;do 31.12.2016 Wπbrzeüno;;
Powiat w≥oc≥awski;;;;
Gmina miejska:;;;;
Kowal;041801 1;;;
Gminy:;;;;
Baruchowo;041802 2;;;
Boniewo;041803 2;;;
BrzeúÊ Kujawski;041804 3;;;
BrzeúÊ Kujawski ñ miasto;041804 4;;;
BrzeúÊ Kujawski ñ obszar wiejski;041804 5;;;
ChoceÒ;041805 2;;;
Chodecz;041806 3;;;
Chodecz ñ miasto;041806 4;;;
Chodecz ñ obszar wiejski;041806 5;;;
Fabianki;041807 2;;;
Izbica Kujawska;041808 3;;;
Izbica Kujawska ñ miasto;041808 4;;;
Izbica Kujawska ñ obszar wiejski;041808 5;;;
Kowal;041809 2;;;
Lubanie;041810 2;;;
LubieÒ Kujawski;041811 3;;;
LubieÒ Kujawski ñ miasto;041811 4;;;
LubieÒ Kujawski ñ obszar wiejski;041811 5;;;
Lubraniec;041812 3;;;
Lubraniec ñ miasto;041812 4;;;
Lubraniec ñ obszar wiejski;041812 5;;;
W≥oc≥awek;041813 2;;;
Powiat øniÒski;;;;
Gminy:;;;;
Barcin;041901 3;;;
Barcin ñ miasto;041901 4;;;
Barcin ñ obszar wiejski;041901 5;;;
Gπsawa;041902 2;;;
Janowiec Wielkopolski;041903 3;;;
Janowiec Wielkopolski ñ miasto;041903 4;;;
Janowiec Wielkopolski ñ obszar wiejski;041903 5;;;
£abiszyn;041904 3;;;
£abiszyn ñ miasto;041904 4;;;
£abiszyn ñ obszar wiejski;041904 5;;;
Rogowo;041905 2;;;
Ønin;041906 3;;;
Ønin ñ miasto;041906 4;;;
Ønin ñ obszar wiejski;041906 5;;;
Miasta na prawach powiatu:;;;;
Powiat m. Bydgoszcz;;;;
M. Bydgoszcz;046101 1;;;
Powiat m. Grudziπdz;;;;
M. Grudziπdz;046201 1;;;
Powiat m. ToruÒ;;;;
M. ToruÒ;046301 1;;;
Powiat m. W≥oc≥awek;;;;
M. W≥oc≥awek;046401 1;;;
WOJEW”DZTWO LUBELSKIE;;;;
Powiat bialski;;;;
Gminy miejskie:;;;;
MiÍdzyrzec Podlaski;060101 1;;;
Terespol;060102 1;;;
Gminy:;;;;
Bia≥a Podlaska;060103 2;;;
DrelÛw;060104 2;;;
JanÛw Podlaski;060105 2;;;
KodeÒ;060106 2;;;
KonstantynÛw;060107 2;;;
Leúna Podlaska;060108 2;;;
£omazy;060109 2;;;
MiÍdzyrzec Podlaski;060110 2;;;
Piszczac;060111 2;;;
Rokitno;060112 2;;;
Rossosz;060113 2;;;
S≥awatycze;060114 2;;;
SosnÛwka;060115 2;;;
Terespol;060116 2;;;
Tuczna;060117 2;;;
Wisznice;060118 2;;;
Zalesie;060119 2;;;
Powiat bi≥gorajski;;;;
Gmina miejska:;;;;
Bi≥goraj;060201 1;;;
Gminy:;;;;
AleksandrÛw;060202 2;;;
Bi≥goraj;060203 2;;;
Biszcza;060204 2;;;
Frampol;060205 3;;;
Frampol ñ miasto;060205 4;;;
Frampol ñ obszar wiejski;060205 5;;;
Goraj;060206 2;kod wygas≥ 31.12.2020;;
Goraj;060206 3;obowiπzuje od 01.01.2021;;
Goraj ñ miasto;060206 4;obowiπzuje od 01.01.2021;;
Goraj ñ obszar wiejski;060206 5;obowiπzuje od 01.01.2021;;
JÛzefÛw;060207 3;;;
JÛzefÛw ñ miasto;060207 4;;;
JÛzefÛw ñ obszar wiejski;060207 5;;;
KsiÍøpol;060208 2;;;
£ukowa;060209 2;;;
Obsza;060210 2;;;
Potok GÛrny;060211 2;;;
TarnogrÛd;060212 3;;;
TarnogrÛd ñ miasto;060212 4;;;
TarnogrÛd ñ obszar wiejski;060212 5;;;
Tereszpol;060213 2;;;
Turobin;060214 2;;;
Powiat che≥mski;;;;
Gmina miejska:;;;;
Rejowiec Fabryczny;060301 1;;;
Gminy:;;;;
Bia≥opole;060302 2;;;
Che≥m;060303 2;;;
Dorohusk;060304 2;;;
Dubienka;060305 2;;;
KamieÒ;060306 2;;;
Leúniowice;060307 2;;;
Rejowiec;060315 2;kod wygas≥ 31.12.2016;;
Rejowiec;060315 3;obowiπzuje od 01.01.2017;;
Rejowiec ñ miasto;060315 4;obowiπzuje od 01.01.2017;;
Rejowiec ñ obszar wiejski;060315 5;obowiπzuje od 01.01.2017;;
Rejowiec Fabryczny;060308 2;;;
Ruda-Huta;060309 2;;;
Sawin;060310 2;;;
Siedliszcze;060311 2;kod wygas≥ 31.12.2015;;
Siedliszcze;060311 3;obowiπzuje od 01.01.2016;;
Siedliszcze ñ miasto;060311 4;obowiπzuje od 01.01.2016;;
Siedliszcze ñ obszar wiejski;060311 5;obowiπzuje od 01.01.2016;;
Wierzbica;060312 2;;;
Wojs≥awice;060313 2;;;
Ømudü;060314 2;;;
Powiat hrubieszowski;;;;
Gmina miejska:;;;;
HrubieszÛw;060401 1;;;
Gminy:;;;;
Do≥hobyczÛw;060402 2;;;
Horod≥o;060403 2;;;
HrubieszÛw;060404 2;;;
Mircze;060405 2;;;
Trzeszczany;060406 2;;;
Uchanie;060407 2;;;
Werbkowice;060408 2;;;
Powiat janowski;;;;
Gminy:;;;;
Batorz;060501 2;;;
ChrzanÛw;060502 2;;;
Dzwola;060503 2;;;
GodziszÛw;060504 2;;;
JanÛw Lubelski;060505 3;;;
JanÛw Lubelski ñ miasto;060505 4;;;
JanÛw Lubelski ñ obszar wiejski;060505 5;;;
Modliborzyce;060506 2;kod wygas≥ 31.12.2013;;
Modliborzyce;060506 3;obowiπzuje od 01.01.2014;;
Modliborzyce ñ miasto;060506 4;obowiπzuje od 01.01.2014;;
Modliborzyce ñ obszar wiejski;060506 5;obowiπzuje od 01.01.2014;;
Potok Wielki;060507 2;;;
Powiat krasnostawski;;;;
Gmina miejska:;;;;
Krasnystaw;060601 1;;;
Gminy:;;;;
Fajs≥awice;060602 2;;;
GorzkÛw;060603 2;;;
Izbica;060604 2;;;
Krasnystaw;060605 2;;;
Kraúniczyn;060606 2;;;
£opiennik GÛrny;060607 2;;;
Rudnik;060609 2;;;
Siennica RÛøana;060610 2;;;
ØÛ≥kiewka;060611 2;;;
Powiat kraúnicki;;;;
Gmina miejska:;;;;
Kraúnik;060701 1;;;
Gminy:;;;;
Annopol;060702 3;;;
Annopol ñ miasto;060702 4;;;
Annopol ñ obszar wiejski;060702 5;;;
Dzierzkowice;060703 2;;;
GoúcieradÛw;060704 2;;;
Kraúnik;060705 2;;;
Szastarka;060706 2;;;
Trzydnik Duøy;060707 2;;;
UrzÍdÛw;060708 2;kod wygas≥ 31.12.2015;;
UrzÍdÛw;060708 3;obowiπzuje od 01.01.2016;;
UrzÍdÛw ñ miasto;060708 4;obowiπzuje od 01.01.2016;;
UrzÍdÛw ñ obszar wiejski;060708 5;obowiπzuje od 01.01.2016;;
Wilko≥az;060709 2;;;
ZakrzÛwek;060710 2;;;
Powiat lubartowski;;;;
Gmina miejska:;;;;
LubartÛw;060801 1;;;
Gminy:;;;;
AbramÛw;060802 2;;;
Firlej;060803 2;;;
Jeziorzany;060804 2;;;
Kamionka;060805 2;kod wygas≥ 31.12.2020;;
Kamionka;060805 3;obowiπzuje od 01.01.2021;;
Kamionka ñ miasto;060805 4;obowiπzuje od 01.01.2021;;
Kamionka ñ obszar wiejski;060805 5;obowiπzuje od 01.01.2021;;
Kock;060806 3;;;
Kock ñ miasto;060806 4;;;
Kock ñ obszar wiejski;060806 5;;;
LubartÛw;060807 2;;;
MichÛw;060808 2;;;
Niedüwiada;060809 2;;;
OstrÛw Lubelski;060810 3;;;
OstrÛw Lubelski ñ miasto;060810 4;;;
OstrÛw Lubelski ñ obszar wiejski;060810 5;;;
OstrÛwek;060811 2;;;
Serniki;060812 2;;;
UúcimÛw;060813 2;;;
Powiat lubelski;;;;
Gminy:;;;;
Be≥øyce;060901 3;;;
Be≥øyce ñ miasto;060901 4;;;
Be≥øyce ñ obszar wiejski;060901 5;;;
BorzechÛw;060902 2;;;
Bychawa;060903 3;;;
Bychawa ñ miasto;060903 4;;;
Bychawa ñ obszar wiejski;060903 5;;;
GarbÛw;060904 2;;;
G≥usk;060905 2;;;
Jab≥onna;060906 2;;;
JastkÛw;060907 2;;;
Konopnica;060908 2;;;
KrzczonÛw;060909 2;;;
Niedrzwica Duøa;060910 2;;;
Niemce;060911 2;;;
Strzyøewice;060912 2;;;
WojciechÛw;060913 2;;;
WÛlka;060914 2;;;
Wysokie;060915 2;;;
Zakrzew;060916 2;;;
Powiat ≥ÍczyÒski;;;;
Gminy:;;;;
CycÛw;061001 2;;;
Ludwin;061002 2;;;
£Íczna;061003 3;;;
£Íczna ñ miasto;061003 4;;;
£Íczna ñ obszar wiejski;061003 5;;;
MilejÛw;061004 2;;;
PuchaczÛw;061005 2;;;
Spiczyn;061006 2;;;
Powiat ≥ukowski;;;;
Gminy miejskie:;;;;
£ukÛw;061101 1;;;
Stoczek £ukowski;061102 1;;;
Gminy:;;;;
AdamÛw;061103 2;;;
Krzywda;061104 2;;;
£ukÛw;061105 2;;;
Serokomla;061106 2;;;
Stanin;061107 2;;;
Stoczek £ukowski;061108 2;;;
TrzebieszÛw;061109 2;;;
WojcieszkÛw;061110 2;;;
Wola Mys≥owska;061111 2;;;
Powiat opolski;;;;
Gminy:;;;;
Chodel;061201 2;;;
JÛzefÛw nad Wis≥π;061202 2;kod wygas≥ 31.12.2017;;
JÛzefÛw nad Wis≥π;061202 3;obowiπzuje od 01.01.2018;;
JÛzefÛw nad Wis≥π ñ miasto;061202 4;obowiπzuje od 01.01.2018;;
JÛzefÛw nad Wis≥π ñ obszar wiejski;061202 5;obowiπzuje od 01.01.2018;;
Karczmiska;061203 2;;;
£aziska;061204 2;;;
Opole Lubelskie;061205 3;;;
Opole Lubelskie ñ miasto;061205 4;;;
Opole Lubelskie ñ obszar wiejski;061205 5;;;
Poniatowa;061206 3;;;
Poniatowa ñ miasto;061206 4;;;
Poniatowa ñ obszar wiejski;061206 5;;;
WilkÛw;061207 2;;;
Powiat parczewski;;;;
Gminy:;;;;
DÍbowa K≥oda;061301 2;;;
Jab≥oÒ;061302 2;;;
MilanÛw;061303 2;;;
Parczew;061304 3;;;
Parczew ñ miasto;061304 4;;;
Parczew ñ obszar wiejski;061304 5;;;
PodedwÛrze;061305 2;;;
SiemieÒ;061306 2;;;
Sosnowica;061307 2;;;
Powiat pu≥awski;;;;
Gmina miejska:;;;;
Pu≥awy;061401 1;;;
Gminy:;;;;
BaranÛw;061402 2;;;
Janowiec;061403 2;;;
Kazimierz Dolny;061404 3;;;
Kazimierz Dolny ñ miasto;061404 4;;;
Kazimierz Dolny ñ obszar wiejski;061404 5;;;
KoÒskowola;061405 2;;;
KurÛw;061406 2;;;
MarkuszÛw;061407 2;;;
Na≥ÍczÛw;061408 3;;;
Na≥ÍczÛw ñ miasto;061408 4;;;
Na≥ÍczÛw ñ obszar wiejski;061408 5;;;
Pu≥awy;061409 2;;;
Wπwolnica;061410 2;;;
Øyrzyn;061411 2;;;
Powiat radzyÒski;;;;
Gmina miejska:;;;;
RadzyÒ Podlaski;061501 1;;;
Gminy:;;;;
Borki;061502 2;;;
Czemierniki;061503 2;;;
Kπkolewnica;061504 2;;;
KomarÛwka Podlaska;061505 2;;;
RadzyÒ Podlaski;061506 2;;;
Ulan-Majorat;061507 2;;;
WohyÒ;061508 2;;;
Powiat rycki;;;;
Gmina miejska:;;;;
DÍblin;061601 1;;;
Gminy:;;;;
K≥oczew;061602 2;;;
NowodwÛr;061603 2;;;
Ryki;061604 3;;;
Ryki ñ miasto;061604 4;;;
Ryki ñ obszar wiejski;061604 5;;;
StÍøyca;061605 2;;;
U≥Íø;061606 2;;;
Powiat úwidnicki;;;;
Gmina miejska:;;;;
åwidnik;061701 1;;;
Gminy:;;;;
Me≥giew;061702 2;;;
Piaski;061703 3;;;
Piaski ñ miasto;061703 4;;;
Piaski ñ obszar wiejski;061703 5;;;
Rybczewice;061704 2;;;
Trawniki;061705 2;;;
Powiat tomaszowski;;;;
Gmina miejska:;;;;
TomaszÛw Lubelski;061801 1;;;
Gminy:;;;;
Be≥øec;061802 2;;;
JarczÛw;061803 2;;;
Krynice;061804 2;;;
Lubycza KrÛlewska;061805 2;kod wygas≥ 31.12.2015;;
Lubycza KrÛlewska;061805 3;obowiπzuje od 01.01.2016;;
Lubycza KrÛlewska ñ miasto;061805 4;obowiπzuje od 01.01.2016;;
Lubycza KrÛlewska ñ obszar wiejski;061805 5;obowiπzuje od 01.01.2016;;
£aszczÛw;061806 3;;;
£aszczÛw ñ miasto;061806 4;;;
£aszczÛw ñ obszar wiejski;061806 5;;;
Rachanie;061807 2;;;
Susiec;061808 2;;;
Tarnawatka;061809 2;;;
Telatyn;061810 2;;;
TomaszÛw Lubelski;061811 2;;;
Tyszowce;061812 3;;;
Tyszowce ñ miasto;061812 4;;;
Tyszowce ñ obszar wiejski;061812 5;;;
UlhÛwek;061813 2;;;
Powiat w≥odawski;;;;
Gmina miejska:;;;;
W≥odawa;061901 1;;;
Gminy:;;;;
Hanna;061902 2;;;
HaÒsk;061903 2;;;
Stary Brus;061904 2;;;
Urszulin;061905 2;;;
W≥odawa;061906 2;;;
Wola Uhruska;061907 2;;;
Wyryki;061908 2;;;
Powiat zamojski;;;;
Gminy:;;;;
AdamÛw;062001 2;;;
Grabowiec;062002 2;;;
KomarÛw-Osada;062003 2;;;
KrasnobrÛd;062004 3;;;
KrasnobrÛd ñ miasto;062004 4;;;
KrasnobrÛd ñ obszar wiejski;062004 5;;;
£abunie;062005 2;;;
Miπczyn;062006 2;;;
Nielisz;062007 2;;;
Radecznica;062008 2;;;
Sitno;062009 2;;;
SkierbieszÛw;062010 2;;;
Stary ZamoúÊ;062011 2;;;
Su≥Ûw;062012 2;;;
Szczebrzeszyn;062013 3;;;
Szczebrzeszyn ñ miasto;062013 4;;;
Szczebrzeszyn ñ obszar wiejski;062013 5;;;
ZamoúÊ;062014 2;;;
Zwierzyniec;062015 3;;;
Zwierzyniec ñ miasto;062015 4;;;
Zwierzyniec ñ obszar wiejski;062015 5;;;
Miasta na prawach powiatu:;;;;
Powiat m. Bia≥a Podlaska;;;;
M. Bia≥a Podlaska;066101 1;;;
Powiat m. Che≥m;;;;
M. Che≥m;066201 1;;;
Powiat m. Lublin;;;;
M. Lublin;066301 1;;;
Powiat m. ZamoúÊ;;;;
M. ZamoúÊ;066401 1;;;
WOJEW”DZTWO LUBUSKIE;;;;
Powiat gorzowski;;;;
Gmina miejska:;;;;
Kostrzyn nad Odrπ;080101 1;;;
Gminy:;;;;
Bogdaniec;080102 2;;;
Deszczno;080103 2;;;
K≥odawa;080104 2;;;
Lubiszyn;080105 2;;;
Santok;080106 2;;;
Witnica;080107 3;;;
Witnica ñ miasto;080107 4;;;
Witnica ñ obszar wiejski;080107 5;;;
Powiat kroúnieÒski;;;;
Gmina miejska:;;;;
Gubin;080201 1;;;
Gminy:;;;;
Bobrowice;080202 2;;;
Bytnica;080203 2;;;
Dπbie;080204 2;;;
Gubin;080205 2;;;
Krosno OdrzaÒskie;080206 3;;;
Krosno OdrzaÒskie ñ miasto;080206 4;;;
Krosno OdrzaÒskie ñ obszar wiejski;080206 5;;;
Maszewo;080207 2;;;
Powiat miÍdzyrzecki;;;;
Gminy:;;;;
Bledzew;080301 2;;;
MiÍdzyrzecz;080302 3;;;
MiÍdzyrzecz ñ miasto;080302 4;;;
MiÍdzyrzecz ñ obszar wiejski;080302 5;;;
Przytoczna;080303 2;;;
Pszczew;080304 2;;;
Skwierzyna;080305 3;;;
Skwierzyna ñ miasto;080305 4;;;
Skwierzyna ñ obszar wiejski;080305 5;;;
Trzciel;080306 3;;;
Trzciel ñ miasto;080306 4;;;
Trzciel ñ obszar wiejski;080306 5;;;
Powiat nowosolski;;;;
Gmina miejska:;;;;
Nowa SÛl;080401 1;;;
Gminy:;;;;
Bytom OdrzaÒski;080402 3;;;
Bytom OdrzaÒski ñ miasto;080402 4;;;
Bytom OdrzaÒski ñ obszar wiejski;080402 5;;;
Kolsko;080403 2;;;
KoøuchÛw;080404 3;;;
KoøuchÛw ñ miasto;080404 4;;;
KoøuchÛw ñ obszar wiejski;080404 5;;;
Nowa SÛl;080405 2;;;
Nowe Miasteczko;080406 3;;;
Nowe Miasteczko ñ miasto;080406 4;;;
Nowe Miasteczko ñ obszar wiejski;080406 5;;;
OtyÒ;080407 2;kod wygas≥ 31.12.2017;;
OtyÒ;080407 3;obowiπzuje od 01.01.2018;;
OtyÒ ñ miasto;080407 4;obowiπzuje od 01.01.2018;;
OtyÒ ñ obszar wiejski;080407 5;obowiπzuje od 01.01.2018;;
Siedlisko;080408 2;;;
Powiat s≥ubicki;;;;
Gminy:;;;;
Cybinka;080501 3;;;
Cybinka ñ miasto;080501 4;;;
Cybinka ñ obszar wiejski;080501 5;;;
GÛrzyca;080502 2;;;
Oúno Lubuskie;080503 3;;;
Oúno Lubuskie ñ miasto;080503 4;;;
Oúo Lubuskie ñ obszar wiejski;080503 5;;;
Rzepin;080504 3;;;
Rzepin ñ miasto;080504 4;;;
Rzepin ñ obszar wiejski;080504 5;;;
S≥ubice;080505 3;;;
S≥ubice ñ miasto;080505 4;;;
S≥ubice ñ obszar wiejski;080505 5;;;
Powiat strzelecko-drezdenecki;;;;
Gminy:;;;;
Dobiegniew;080601 3;;;
Dobiegniew ñ miasto;080601 4;;;
Dobiegniew ñ obszar wiejski;080601 5;;;
Drezdenko;080602 3;;;
Drezdenko ñ miasto;080602 4;;;
Drezdenko ñ obszar wiejski;080602 5;;;
Stare Kurowo;080603 2;;;
Strzelce KrajeÒskie;080604 3;;;
Strzelce KrajeÒskie ñ miasto;080604 4;;;
Strzelce KrajeÒskie ñ obszar wiejski;080604 5;;;
Zwierzyn;080605 2;;;
Powiat sulÍciÒski;;;;
Gminy:;;;;
Krzeszyce;080701 2;;;
Lubniewice;080702 3;;;
Lubniewice ñ miasto;080702 4;;;
Lubniewice ñ obszar wiejski;080702 5;;;
S≥oÒsk;080703 2;;;
SulÍcin;080704 3;;;
SulÍcin ñ miasto;080704 4;;;
SulÍcin ñ obszar wiejski;080704 5;;;
Torzym;080705 3;;;
Torzym ñ miasto;080705 4;;;
Torzym ñ obszar wiejski;080705 5;;;
Powiat úwiebodziÒski;;;;
Gminy:;;;;
Lubrza;080801 2;;;
£agÛw;080802 2;;;
Skπpe;080803 2;;;
Szczaniec;080804 2;;;
åwiebodzin;080805 3;;;
åwiebodzin ñ miasto;080805 4;;;
åwiebodzin ñ obszar wiejski;080805 5;;;
Zbπszynek;080806 3;;;
Zbπszynek ñ miasto;080806 4;;;
Zbπszynek ñ obszar wiejski;080806 5;;;
Powiat wschowski;;;;
Gminy:;;;;
S≥awa;081201 3;;;
S≥awa ñ miasto;081201 4;;;
S≥awa ñ obszar wiejski;081201 5;;;
Szlichtyngowa;081202 3;;;
Szlichtyngowa ñ miasto;081202 4;;;
Szlichtyngowa ñ obszar wiejski;081202 5;;;
Wschowa;081203 3;;;
Wschowa ñ miasto;081203 4;;;
Wschowa ñ obszar wiejski;081203 5;;;
Powiat zielonogÛrski;;;;
Gminy:;;;;
Babimost;080901 3;;;
Babimost ñ miasto;080901 4;;;
Babimost ñ obszar wiejski;080901 5;;;
Bojad≥a;080902 2;;;
CzerwieÒsk;080903 3;;;
CzerwieÒsk ñ miasto;080903 4;;;
CzerwieÒsk ñ obszar wiejski;080903 5;;;
Kargowa;080904 3;;;
Kargowa ñ miasto;080904 4;;;
Kargowa ñ obszar wiejski;080904 5;;;
NowogrÛd BobrzaÒski;080905 3;;;
NowogrÛd BobrzaÒski ñ miasto;080905 4;;;
NowogrÛd BobrzaÒski ñ obszar wiejski;080905 5;;;
SulechÛw;080906 3;;;
SulechÛw ñ miasto;080906 4;;;
SulechÛw ñ obszar wiejski;080906 5;;;
åwidnica;080907 2;;;
TrzebiechÛw;080908 2;;;
ZabÛr;080909 2;;;
Zielona GÛra;080910 2;kod wygas≥ 31.12.2014;;
Powiat øagaÒski;;;;
Gminy miejskie:;;;;
Gozdnica;081001 1;;;
ØagaÒ;081002 1;;;
Gminy:;;;;
Brzeünica;081003 2;;;
I≥owa;081004 3;;;
I≥owa ñ miasto;081004 4;;;
I≥owa ñ obszar wiejski;081004 5;;;
Ma≥omice;081005 3;;;
Ma≥omice ñ miasto;081005 4;;;
Ma≥omice ñ obszar wiejski;081005 5;;;
Niegos≥awice;081006 2;;;
Szprotawa;081007 3;;;
Szprotawa ñ miasto;081007 4;;;
Szprotawa ñ obszar wiejski;081007 5;;;
Wymiarki;081008 2;;;
ØagaÒ;081009 2;;;
Powiat øarski;;;;
Gminy miejskie:;;;;
£Íknica;081101 1;;;
Øary;081102 1;;;
Gminy:;;;;
Brody;081103 2;;;
JasieÒ;081104 3;;;
JasieÒ ñ miasto;081104 4;;;
JasieÒ ñ obszar wiejski;081104 5;;;
Lipinki £uøyckie;081105 2;;;
Lubsko;081106 3;;;
Lubsko ñ miasto;081106 4;;;
Lubsko ñ obszar wiejski;081106 5;;;
PrzewÛz;081107 2;;;
Trzebiel;081108 2;;;
Tuplice;081109 2;;;
Øary;081110 2;;;
Miasta na prawach powiatu:;;;;
Powiat m. GorzÛw Wielkopolski;;;;
M. GorzÛw Wielkopolski;086101 1;;;
Powiat m. Zielona GÛra;;;;
M. Zielona GÛra;086201 1;;;
WOJEW”DZTWO £”DZKIE;;;;
Powiat be≥chatowski;;;;
Gmina miejska:;;;;
Be≥chatÛw;100101 1;;;
Gminy:;;;;
Be≥chatÛw;100102 2;;;
Druøbice;100103 2;;;
KleszczÛw;100104 2;;;
Kluki;100105 2;;;
Rusiec;100106 2;;;
SzczercÛw;100107 2;;;
ZelÛw;100108 3;;;
ZelÛw ñ miasto;100108 4;;;
ZelÛw ñ obszar wiejski;100108 5;;;
Powiat brzeziÒski;;;;
Gmina miejska:;;;;
Brzeziny;102101 1;;;
Gminy:;;;;
Brzeziny;102102 2;;;
Dmosin;102103 2;;;
JeøÛw;102104 2;;;
RogÛw;102105 2;;;
Powiat kutnowski;;;;
Gmina miejska:;;;;
Kutno;100201 1;;;
Gminy:;;;;
Bedlno;100202 2;;;
Dπbrowice;100203 2;;;
Kroúniewice;100204 3;;;
Kroúniewice ñ miasto;100204 4;;;
Kroúniewice ñ obszar wiejski;100204 5;;;
KrzyøanÛw;100205 2;;;
Kutno;100206 2;;;
£aniÍta;100207 2;;;
Nowe Ostrowy;100208 2;;;
OporÛw;100209 2;;;
Strzelce;100210 2;;;
Øychlin;100211 3;;;
Øychlin ñ miasto;100211 4;;;
Øychlin ñ obszar wiejski;100211 5;;;
Powiat ≥aski;;;;
Gminy:;;;;
Buczek;100301 2;;;
£ask;100302 3;;;
£ask ñ miasto;100302 4;;;
£ask ñ obszar wiejski;100302 5;;;
SÍdziejowice;100303 2;;;
Widawa;100304 2;;;
Wodzierady;100305 2;;;
Powiat ≥Íczycki;;;;
Gmina miejska:;;;;
£Íczyca;100401 1;;;
Gminy:;;;;
Daszyna;100402 2;;;
GÛra åwiÍtej Ma≥gorzaty;100403 2;;;
GrabÛw;100404 2;;;
£Íczyca;100405 2;;;
Piπtek;100406 2;kod wygas≥ 31.12.2019;;
Piπtek;100406 3;obowiπzuje od 01.01.2020;;
Piπtek ñ miasto;100406 4;obowiπzuje od 01.01.2020;;
Piπtek ñ obszar wiejski;100406 5;obowiπzuje od 01.01.2020;;
åwinice Warckie;100407 2;;;
Witonia;100408 2;;;
Powiat ≥owicki;;;;
Gmina miejska:;;;;
£owicz;100501 1;;;
Gminy:;;;;
Bielawy;100502 2;;;
Chπúno;100503 2;;;
Domaniewice;100504 2;;;
Kiernozia;100505 2;;;
Kocierzew Po≥udniowy;100506 2;;;
£owicz;100507 2;;;
£yszkowice;100508 2;;;
NieborÛw;100509 2;;;
Zduny;100510 2;;;
Powiat ≥Ûdzki wschodni;;;;
Gminy:;;;;
Andrespol;100602 2;;;
BrÛjce;100603 2;;;
Koluszki;100607 3;;;
Koluszki ñ miasto;100607 4;;;
Koluszki ñ obszar wiejski;100607 5;;;
Nowosolna;100608 2;;;
RzgÛw;100610 3;;;
RzgÛw ñ miasto;100610 4;;;
RzgÛw ñ obszar wiejski;100610 5;;;
Tuszyn;100611 3;;;
Tuszyn ñ miasto;100611 4;;;
Tuszyn ñ obszar wiejski;100611 5;;;
Powiat opoczyÒski;;;;
Gminy:;;;;
Bia≥aczÛw;100701 2;;;
Drzewica;100702 3;;;
Drzewica ñ miasto;100702 4;;;
Drzewica ñ obszar wiejski;100702 5;;;
MniszkÛw;100703 2;;;
Opoczno;100704 3;;;
Opoczno ñ miasto;100704 4;;;
Opoczno ñ obszar wiejski;100704 5;;;
Paradyø;100705 2;;;
PoúwiÍtne;100706 2;;;
S≥awno;100707 2;;;
ØarnÛw;100708 2;;;
Powiat pabianicki;;;;
Gminy miejskie:;;;;
KonstantynÛw £Ûdzki;100801 1;;;
Pabianice;100802 1;;;
Gminy:;;;;
D≥utÛw;100803 2;;;
DobroÒ;100804 2;;;
KsawerÛw;100805 2;;;
Lutomiersk;100806 2;;;
Pabianice;100807 2;;;
Powiat pajÍczaÒski;;;;
Gminy:;;;;
Dzia≥oszyn;100901 3;;;
Dzia≥oszyn ñ miasto;100901 4;;;
Dzia≥oszyn ñ obszar wiejski;100901 5;;;
Kie≥czyg≥Ûw;100902 2;;;
Nowa Brzeünica;100903 2;;;
PajÍczno;100904 3;;;
PajÍczno ñ miasto;100904 4;;;
PajÍczno ñ obszar wiejski;100904 5;;;
Rzπúnia;100905 2;;;
Siemkowice;100906 2;;;
Strzelce Wielkie;100907 2;;;
Sulmierzyce;100908 2;;;
Powiat piotrkowski;;;;
Gminy:;;;;
AleksandrÛw;101001 2;;;
Czarnocin;101002 2;;;
Gorzkowice;101003 2;;;
Grabica;101004 2;;;
£Íki Szlacheckie;101005 2;;;
Moszczenica;101006 2;;;
RÍczno;101007 2;;;
Rozprza;101008 2;;;
SulejÛw;101009 3;;;
SulejÛw ñ miasto;101009 4;;;
SulejÛw ñ obszar wiejski;101009 5;;;
Wola Krzysztoporska;101010 2;;;
WolbÛrz;101011 3;;;
WolbÛrz ñ miasto;101011 4;;;
WolbÛrz ñ obszar wiejski;101011 5;;;
Powiat poddÍbicki;;;;
Gminy:;;;;
DalikÛw;101101 2;;;
PÍczniew;101102 2;;;
PoddÍbice;101103 3;;;
PoddÍbice ñ miasto;101103 4;;;
PoddÍbice ñ obszar wiejski;101103 5;;;
UniejÛw;101104 3;;;
UniejÛw ñ miasto;101104 4;;;
UniejÛw ñ obszar wiejski;101104 5;;;
Wartkowice;101105 2;;;
Zadzim;101106 2;;;
Powiat radomszczaÒski;;;;
Gmina miejska:;;;;
Radomsko;101201 1;;;
Gminy:;;;;
Dobryszyce;101202 2;;;
Gidle;101203 2;;;
Gomunice;101204 2;;;
KamieÒsk;101205 3;;;
KamieÒsk ñ miasto;101205 4;;;
KamieÒsk ñ obszar wiejski;101205 5;;;
Kobiele Wielkie;101206 2;;;
Kodrπb;101207 2;;;
Lgota Wielka;101208 2;;;
£adzice;101209 2;;;
Mas≥owice;101210 2;;;
PrzedbÛrz;101211 3;;;
PrzedbÛrz ñ miasto;101211 4;;;
PrzedbÛrz ñ obszar wiejski;101211 5;;;
Radomsko;101212 2;;;
Wielgom≥yny;101213 2;;;
Øytno;101214 2;;;
Powiat rawski;;;;
Gmina miejska:;;;;
Rawa Mazowiecka;101301 1;;;
Gminy:;;;;
Bia≥a Rawska;101302 3;;;
Bia≥a Rawska ñ miasto;101302 4;;;
Bia≥a Rawska ñ obszar wiejski;101302 5;;;
Cielπdz;101303 2;;;
Rawa Mazowiecka;101304 2;;;
RegnÛw;101305 2;;;
Sadkowice;101306 2;;;
Powiat sieradzki;;;;
Gmina miejska:;;;;
Sieradz;101401 1;;;
Gminy:;;;;
B≥aszki;101402 3;;;
B≥aszki ñ miasto;101402 4;;;
B≥aszki ñ obszar wiejski;101402 5;;;
Brπszewice;101403 2;;;
Brzeünio;101404 2;;;
Burzenin;101405 2;;;
GoszczanÛw;101406 2;;;
Klonowa;101407 2;;;
Sieradz;101408 2;;;
Warta;101409 3;;;
Warta ñ miasto;101409 4;;;
Warta ñ obszar wiejski;101409 5;;;
WrÛblew;101410 2;;;
Z≥oczew;101411 3;;;
Z≥oczew ñ miasto;101411 4;;;
Z≥oczew ñ obszar wiejski;101411 5;;;
Powiat skierniewicki;;;;
Gminy:;;;;
BolimÛw;101501 2;;;
G≥uchÛw;101502 2;;;
GodzianÛw;101503 2;;;
Kowiesy;101504 2;;;
Lipce Reymontowskie;101505 2;;;
MakÛw;101506 2;;;
Nowy KawÍczyn;101507 2;;;
Skierniewice;101508 2;;;
S≥upia;101509 2;;;
Powiat tomaszowski;;;;
Gmina miejska:;;;;
TomaszÛw Mazowiecki;101601 1;;;
Gminy:;;;;
BÍdkÛw;101602 2;;;
Budziszewice;101603 2;;;
Czerniewice;101604 2;;;
Inow≥Ûdz;101605 2;;;
Lubochnia;101606 2;;;
Rokiciny;101607 2;;;
Rzeczyca;101608 2;;;
TomaszÛw Mazowiecki;101609 2;;;
Ujazd;101610 2;;;
Øelechlinek;101611 2;;;
Powiat wieluÒski;;;;
Gminy:;;;;
Bia≥a;101701 2;;;
Czarnoøy≥y;101702 2;;;
Konopnica;101703 2;;;
Mokrsko;101704 2;;;
OsjakÛw;101705 2;;;
OstrÛwek;101706 2;;;
PπtnÛw;101707 2;;;
Skomlin;101708 2;;;
WieluÒ;101709 3;;;
WieluÒ ñ miasto;101709 4;;;
WieluÒ ñ obszar wiejski;101709 5;;;
Wierzchlas;101710 2;;;
Powiat wieruszowski;;;;
Gminy:;;;;
Boles≥awiec;101801 2;;;
Czastary;101802 2;;;
Galewice;101803 2;;;
LututÛw;101804 2;kod wygas≥ 31.12.2019;;
LututÛw;101804 3;obowiπzuje od 01.01.2020;;
LututÛw ñ miasto;101804 4;obowiπzuje od 01.01.2020;;
LututÛw ñ obszar wiejski;101804 5;obowiπzuje od 01.01.2020;;
£ubnice;101805 2;;;
Sokolniki;101806 2;;;
WieruszÛw;101807 3;;;
WieruszÛw ñ miasto;101807 4;;;
WieruszÛw ñ obszar wiejski;101807 5;;;
Powiat zduÒskowolski;;;;
Gmina miejska:;;;;
ZduÒska Wola;101901 1;;;
Gminy:;;;;
Szadek;101902 3;;;
Szadek ñ miasto;101902 4;;;
Szadek ñ obszar wiejski;101902 5;;;
Zapolice;101903 2;;;
ZduÒska Wola;101904 2;;;
Powiat zgierski;;;;
Gminy miejskie:;;;;
G≥owno;102001 1;;;
OzorkÛw;102002 1;;;
Zgierz;102003 1;;;
Gminy:;;;;
AleksandrÛw £Ûdzki;102004 3;;;
AleksandrÛw £Ûdzki ñ miasto;102004 4;;;
AleksandrÛw £Ûdzki ñ obszar wiejski;102004 5;;;
G≥owno;102005 2;;;
OzorkÛw;102006 2;;;
ParzÍczew;102007 2;;;
StrykÛw;102008 3;;;
StrykÛw ñ miasto;102008 4;;;
StrykÛw ñ obszar wiejski;102008 5;;;
Zgierz;102009 2;;;
Miasta na prawach powiatu:;;;;
Powiat m. £Ûdü;;;;
M. £Ûdü;106101 1;;;
Delegatury:;;;;
†£Ûdü-Ba≥uty;106102 9;;;
†£Ûdü-GÛrna;106103 9;;;
†£Ûdü-Polesie;106104 9;;;
†£Ûdü-årÛdmieúcie;106105 9;;;
†£Ûdü-Widzew;106106 9;;;
Powiat m. PiotrkÛw Trybunalski;;;;
M. PiotrkÛw Trybunalski;106201 1;;;
Powiat m. Skierniewice;;;;
M. Skierniewice;106301 1;;;
WOJEW”DZTWO MA£OPOLSKIE;;;;
Powiat bocheÒski;;;;
Gmina miejska:;;;;
Bochnia;120101 1;;;
Gminy:;;;;
Bochnia;120102 2;;;
Drwinia;120103 2;;;
Lipnica Murowana;120104 2;;;
£apanÛw;120105 2;;;
Nowy Wiúnicz;120106 3;;;
Nowy Wiúnicz ñ miasto;120106 4;;;
Nowy Wiúnicz ñ obszar wiejski;120106 5;;;
Rzezawa;120107 2;;;
Trzciana;120108 2;;;
Øegocina;120109 2;;;
Powiat brzeski;;;;
Gminy:;;;;
BorzÍcin;120201 2;;;
Brzesko;120202 3;;;
Brzesko ñ miasto;120202 4;;;
Brzesko ñ obszar wiejski;120202 5;;;
CzchÛw;120203 3;;;
CzchÛw ñ miasto;120203 4;;;
CzchÛw ñ obszar wiejski;120203 5;;;
DÍbno;120204 2;;;
Gnojnik;120205 2;;;
Iwkowa;120206 2;;;
Szczurowa;120207 2;;;
Powiat chrzanowski;;;;
Gminy:;;;;
Alwernia;120301 3;;;
Alwernia ñ miasto;120301 4;;;
Alwernia ñ obszar wiejski;120301 5;;;
Babice;120302 2;;;
ChrzanÛw;120303 3;;;
ChrzanÛw ñ miasto;120303 4;;;
ChrzanÛw ñ obszar wiejski;120303 5;;;
Libiπø;120304 3;;;
Libiπø ñ miasto;120304 4;;;
Libiπø ñ obszar wiejski;120304 5;;;
Trzebinia;120305 3;;;
Trzebinia ñ miasto;120305 4;;;
Trzebinia ñ obszar wiejski;120305 5;;;
Powiat dπbrowski;;;;
Gminy:;;;;
Boles≥aw;120401 2;;;
Dπbrowa Tarnowska;120402 3;;;
Dπbrowa Tarnowska ñ miasto;120402 4;;;
Dπbrowa Tarnowska ñ obszar wiejski;120402 5;;;
GrÍboszÛw;120403 2;;;
MÍdrzechÛw;120404 2;;;
Olesno;120405 2;;;
Radgoszcz;120406 2;;;
Szczucin;120407 3;;;
Szczucin ñ miasto;120407 4;;;
Szczucin ñ obszar wiejski;120407 5;;;
Powiat gorlicki;;;;
Gmina miejska:;;;;
Gorlice;120501 1;;;
Gminy:;;;;
Biecz;120502 3;;;
Biecz ñ miasto;120502 4;;;
Biecz ñ obszar wiejski;120502 5;;;
Bobowa;120503 3;;;
Bobowa ñ miasto;120503 4;;;
Bobowa ñ obszar wiejski;120503 5;;;
Gorlice;120504 2;;;
Lipinki;120505 2;;;
£uøna;120506 2;;;
Moszczenica;120507 2;;;
Ropa;120508 2;;;
SÍkowa;120509 2;;;
Uúcie Gorlickie;120510 2;;;
Powiat krakowski;;;;
Gminy:;;;;
CzernichÛw;120601 2;;;
Igo≥omia-WawrzeÒczyce;120602 2;;;
Iwanowice;120603 2;;;
Jerzmanowice-Przeginia;120604 2;;;
KocmyrzÛw-Luborzyca;120605 2;;;
Krzeszowice;120606 3;;;
Krzeszowice ñ miasto;120606 4;;;
Krzeszowice ñ obszar wiejski;120606 5;;;
Liszki;120607 2;;;
Micha≥owice;120608 2;;;
Mogilany;120609 2;;;
Ska≥a;120610 3;;;
Ska≥a ñ miasto;120610 4;;;
Ska≥a ñ obszar wiejski;120610 5;;;
Skawina;120611 3;;;
Skawina ñ miasto;120611 4;;;
Skawina ñ obszar wiejski;120611 5;;;
S≥omniki;120612 3;;;
S≥omniki ñ miasto;120612 4;;;
S≥omniki ñ obszar wiejski;120612 5;;;
Su≥oszowa;120613 2;;;
åwiπtniki GÛrne;120614 3;;;
åwiπtniki GÛrne ñ miasto;120614 4;;;
åwiπtniki GÛrne ñ obszar wiejski;120614 5;;;
Wielka Wieú;120615 2;;;
ZabierzÛw;120616 2;;;
Zielonki;120617 2;;;
Powiat limanowski;;;;
Gminy miejskie:;;;;
Limanowa;120701 1;;;
Mszana Dolna;120702 1;;;
Gminy:;;;;
Dobra;120703 2;;;
Jod≥ownik;120704 2;;;
Kamienica;120705 2;;;
Laskowa;120706 2;;;
Limanowa;120707 2;;;
£ukowica;120708 2;;;
Mszana Dolna;120709 2;;;
Niedüwiedü;120710 2;;;
S≥opnice;120711 2;;;
Tymbark;120712 2;;;
Powiat miechowski;;;;
Gminy:;;;;
Charsznica;120801 2;;;
Go≥cza;120802 2;;;
Koz≥Ûw;120803 2;;;
Ksiπø Wielki;120804 2;;;
MiechÛw;120805 3;;;
MiechÛw ñ miasto;120805 4;;;
MiechÛw ñ obszar wiejski;120805 5;;;
Rac≥awice;120806 2;;;
S≥aboszÛw;120807 2;;;
Powiat myúlenicki;;;;
Gminy:;;;;
Dobczyce;120901 3;;;
Dobczyce ñ miasto;120901 4;;;
Dobczyce ñ obszar wiejski;120901 5;;;
LubieÒ;120902 2;;;
Myúlenice;120903 3;;;
Myúlenice ñ miasto;120903 4;;;
Myúlenice ñ obszar wiejski;120903 5;;;
Pcim;120904 2;;;
Raciechowice;120905 2;;;
Siepraw;120906 2;;;
Su≥kowice;120907 3;;;
Su≥kowice ñ miasto;120907 4;;;
Su≥kowice ñ obszar wiejski;120907 5;;;
Tokarnia;120908 2;;;
Wiúniowa;120909 2;;;
Powiat nowosπdecki;;;;
Gmina miejska:;;;;
GrybÛw;121001 1;;;
Gminy:;;;;
Che≥miec;121002 2;kod wygas≥ 31.12.2017, przywrÛcony w aplikacji SHRIMP 01.01.2019;;
Che≥miec;121002 3;obowiπzywa≥ od 01.01.2018, wygaszony w aplikacji SHRIMP 31.12.2018;;
Che≥miec ñ miasto;121002 4;obowiπzywa≥ od 01.01.2018, wygaszony w aplikacji SHRIMP 31.12.2018;;
Che≥miec ñ obszar wiejski;121002 5;obowiπzywa≥ od 01.01.2018, wygaszony w aplikacji SHRIMP 31.12.2018;;
GrÛdek nad Dunajcem;121003 2;;;
GrybÛw;121004 2;;;
Kamionka Wielka;121005 2;;;
Korzenna;121006 2;;;
Krynica-ZdrÛj;121007 3;;;
Krynica-ZdrÛj ñ miasto;121007 4;;;
Krynica-ZdrÛj ñ obszar wiejski;121007 5;;;
£abowa;121008 2;;;
£πcko;121009 2;;;
£ososina Dolna;121010 2;;;
Muszyna;121011 3;;;
Muszyna ñ miasto;121011 4;;;
Muszyna ñ obszar wiejski;121011 5;;;
Nawojowa;121012 2;;;
Piwniczna-ZdrÛj;121013 3;;;
Piwniczna-ZdrÛj ñ miasto;121013 4;;;
Piwniczna-ZdrÛj ñ obszar wiejski;121013 5;;;
Podegrodzie;121014 2;;;
Rytro;121015 2;;;
Stary Sπcz;121016 3;;;
Stary Sπcz ñ miasto;121016 4;;;
Stary Sπcz ñ obszar wiejski;121016 5;;;
Powiat nowotarski;;;;
Gminy miejskie:;;;;
Nowy Targ;121101 1;;;
Szczawnica;121102 3;;;
Szczawnica ñ miasto;121102 4;;;
Szczawnica ñ obszar wiejski;121102 5;;;
Gminy:;;;;
Czarny Dunajec;121103 2;;;
Czorsztyn;121104 2;;;
Jab≥onka;121105 2;;;
Kroúcienko nad Dunajcem;121106 2;;;
Lipnica Wielka;121107 2;;;
£apsze Niøne;121108 2;;;
Nowy Targ;121109 2;;;
Ochotnica Dolna;121110 2;;;
Raba Wyøna;121111 2;;;
Rabka-ZdrÛj;121112 3;;;
Rabka-ZdrÛj ñ miasto;121112 4;;;
Rabka-ZdrÛj ñ obszar wiejski;121112 5;;;
Spytkowice;121113 2;;;
Szaflary;121114 2;;;
Powiat olkuski;;;;
Gmina miejska:;;;;
Bukowno;121201 1;;;
Gminy:;;;;
Boles≥aw;121203 2;;;
Klucze;121204 2;;;
Olkusz;121205 3;;;
Olkusz ñ miasto;121205 4;;;
Olkusz ñ obszar wiejski;121205 5;;;
Trzyciπø;121206 2;;;
Wolbrom;121207 3;;;
Wolbrom ñ miasto;121207 4;;;
Wolbrom ñ obszar wiejski;121207 5;;;
Powiat oúwiÍcimski;;;;
Gmina miejska:;;;;
OúwiÍcim;121301 1;;;
Gminy:;;;;
Brzeszcze;121302 3;;;
Brzeszcze ñ miasto;121302 4;;;
Brzeszcze ñ obszar wiejski;121302 5;;;
Che≥mek;121303 3;;;
Che≥mek ñ miasto;121303 4;;;
Che≥mek ñ obszar wiejski;121303 5;;;
KÍty;121304 3;;;
KÍty ñ miasto;121304 4;;;
KÍty ñ obszar wiejski;121304 5;;;
Osiek;121305 2;;;
OúwiÍcim;121306 2;;;
Polanka Wielka;121307 2;;;
PrzeciszÛw;121308 2;;;
Zator;121309 3;;;
Zator ñ miasto;121309 4;;;
Zator ñ obszar wiejski;121309 5;;;
Powiat proszowicki;;;;
Gminy:;;;;
Koniusza;121401 2;;;
Koszyce;121402 2;kod wygas≥ 21.02.2019;;
Koszyce;121402 3;obowiπzuje od 22.02.2019;;
Koszyce ñ miasto;121402 4;obowiπzuje od 22.02.2019;;
Koszyce ñ obszar wiejski;121402 5;obowiπzuje od 22.02.2019;;
Nowe Brzesko;121403 3;;;
Nowe Brzesko ñ miasto;121403 4;;;
Nowe Brzesko ñ obszar wiejski;121403 5;;;
Pa≥ecznica;121404 2;;;
Proszowice;121405 3;;;
Proszowice ñ miasto;121405 4;;;
Proszowice ñ obszar wiejski;121405 5;;;
Radziemice;121406 2;;;
Powiat suski;;;;
Gminy miejskie:;;;;
JordanÛw;121501 1;;;
Sucha Beskidzka;121502 1;;;
Gminy:;;;;
BudzÛw;121503 2;;;
Bystra-Sidzina;121504 2;;;
JordanÛw;121505 2;;;
MakÛw PodhalaÒski;121506 3;;;
MakÛw PodhalaÒski ñ miasto;121506 4;;;
MakÛw PodhalaÒski ñ obszar wiejski;121506 5;;;
Stryszawa;121507 2;;;
Zawoja;121508 2;;;
Zembrzyce;121509 2;;;
Powiat tarnowski;;;;
Gminy:;;;;
CiÍøkowice;121601 3;;;
CiÍøkowice ñ miasto;121601 4;;;
CiÍøkowice ñ obszar wiejski;121601 5;;;
Gromnik;121602 2;;;
Lisia GÛra;121603 2;;;
Pleúna;121604 2;;;
Rad≥Ûw;121605 3;;;
Rad≥Ûw ñ miasto;121605 4;;;
Rad≥Ûw ñ obszar wiejski;121605 5;;;
Ryglice;121606 3;;;
Ryglice ñ miasto;121606 4;;;
Ryglice ñ obszar wiejski;121606 5;;;
Rzepiennik Strzyøewski;121607 2;;;
SkrzyszÛw;121608 2;;;
Szerzyny;121616 2;;;
TarnÛw;121609 2;;;
TuchÛw;121610 3;;;
TuchÛw ñ miasto;121610 4;;;
TuchÛw ñ obszar wiejski;121610 5;;;
Wierzchos≥awice;121611 2;;;
Wietrzychowice;121612 2;;;
Wojnicz;121613 3;;;
Wojnicz ñ miasto;121613 4;;;
Wojnicz ñ obszar wiejski;121613 5;;;
Zakliczyn;121614 3;;;
Zakliczyn ñ miasto;121614 4;;;
Zakliczyn ñ obszar wiejski;121614 5;;;
Øabno;121615 3;;;
Øabno ñ miasto;121615 4;;;
Øabno ñ obszar wiejski;121615 5;;;
Powiat tatrzaÒski;;;;
Gmina miejska:;;;;
Zakopane;121701 1;;;
Gminy:;;;;
Bia≥y Dunajec;121702 2;;;
Bukowina TatrzaÒska;121703 2;;;
Koúcielisko;121704 2;;;
Poronin;121705 2;;;
Powiat wadowicki;;;;
Gminy:;;;;
AndrychÛw;121801 3;;;
AndrychÛw ñ miasto;121801 4;;;
AndrychÛw ñ obszar wiejski;121801 5;;;
Brzeünica;121802 2;;;
Kalwaria Zebrzydowska;121803 3;;;
Kalwaria Zebrzydowska ñ miasto;121803 4;;;
Kalwaria Zebrzydowska ñ obszar wiejski;121803 5;;;
Lanckorona;121804 2;;;
Mucharz;121805 2;;;
Spytkowice;121806 2;;;
StryszÛw;121807 2;;;
Tomice;121808 2;;;
Wadowice;121809 3;;;
Wadowice ñ miasto;121809 4;;;
Wadowice ñ obszar wiejski;121809 5;;;
Wieprz;121810 2;;;
Powiat wielicki;;;;
Gminy:;;;;
Biskupice;121901 2;;;
GdÛw;121902 2;;;
K≥aj;121903 2;;;
Niepo≥omice;121904 3;;;
Niepo≥omice ñ miasto;121904 4;;;
Niepo≥omice ñ obszar wiejski;121904 5;;;
Wieliczka;121905 3;;;
Wieliczka ñ miasto;121905 4;;;
Wieliczka ñ obszar wiejski;121905 5;;;
Miasta na prawach powiatu:;;;;
Powiat m. KrakÛw;;;;
M. KrakÛw;126101 1;;;
Delegatury:;;;;
†KrakÛw-Krowodrza;126102 9;;;
†KrakÛw-Nowa Huta;126103 9;;;
†KrakÛw-PodgÛrze;126104 9;;;
†KrakÛw-årÛdmieúcie;126105 9;;;
Powiat m. Nowy Sπcz;;;;
M. Nowy Sπcz;126201 1;;;
Powiat m. TarnÛw;;;;
M. TarnÛw;126301 1;;;
WOJEW”DZTWO MAZOWIECKIE;;;;
Powiat bia≥obrzeski;;;;
Gminy:;;;;
Bia≥obrzegi;140101 3;;;
Bia≥obrzegi ñ miasto;140101 4;;;
Bia≥obrzegi ñ obszar wiejski;140101 5;;;
Promna;140102 2;;;
RadzanÛw;140103 2;;;
Stara B≥otnica;140104 2;;;
Stromiec;140105 2;;;
Wyúmierzyce;140106 3;;;
Wyúmierzyce ñ miasto;140106 4;;;
Wyúmierzyce ñ obszar wiejski;140106 5;;;
Powiat ciechanowski;;;;
Gmina miejska:;;;;
CiechanÛw;140201 1;;;
Gminy:;;;;
CiechanÛw;140202 2;;;
Glinojeck;140203 3;;;
Glinojeck ñ miasto;140203 4;;;
Glinojeck ñ obszar wiejski;140203 5;;;
Go≥ymin-Oúrodek;140204 2;;;
Grudusk;140205 2;;;
OjrzeÒ;140206 2;;;
OpinogÛra GÛrna;140207 2;;;
Regimin;140208 2;;;
SoÒsk;140209 2;;;
Powiat garwoliÒski;;;;
Gminy miejskie:;;;;
Garwolin;140301 1;;;
£askarzew;140302 1;;;
Gminy:;;;;
Borowie;140303 2;;;
Garwolin;140304 2;;;
GÛrzno;140305 2;;;
£askarzew;140306 2;;;
Maciejowice;140307 2;;;
MiastkÛw Koúcielny;140308 2;;;
ParysÛw;140309 2;;;
Pilawa;140310 3;;;
Pilawa ñ miasto;140310 4;;;
Pilawa ñ obszar wiejski;140310 5;;;
Sobolew;140311 2;;;
TrojanÛw;140312 2;;;
Wilga;140313 2;;;
ØelechÛw;140314 3;;;
ØelechÛw ñ miasto;140314 4;;;
ØelechÛw ñ obszar wiejski;140314 5;;;
Powiat gostyniÒski;;;;
Gmina miejska:;;;;
Gostynin;140401 1;;;
Gminy:;;;;
Gostynin;140402 2;;;
Pacyna;140403 2;;;
Sanniki;140404 2;kod wygas≥ 31.12.2017;;
Sanniki;140404 3;obowiπzuje od 01.01.2018;;
Sanniki ñ miasto;140404 4;obowiπzuje od 01.01.2018;;
Sanniki ñ obszar wiejski;140404 5;obowiπzuje od 01.01.2018;;
Szczawin Koúcielny;140405 2;;;
Powiat grodziski;;;;
Gminy miejskie:;;;;
MilanÛwek;140501 1;;;
Podkowa Leúna;140502 1;;;
Gminy:;;;;
BaranÛw;140503 2;;;
Grodzisk Mazowiecki;140504 3;;;
Grodzisk Mazowiecki ñ miasto;140504 4;;;
Grodzisk Mazowiecki ñ obszar wiejski;140504 5;;;
JaktorÛw;140505 2;;;
Øabia Wola;140506 2;;;
Powiat grÛjecki;;;;
Gminy:;;;;
Belsk Duøy;140601 2;;;
B≥ÍdÛw;140602 2;;;
ChynÛw;140603 2;;;
Goszczyn;140604 2;;;
GrÛjec;140605 3;;;
GrÛjec ñ miasto;140605 4;;;
GrÛjec ñ obszar wiejski;140605 5;;;
Jasieniec;140606 2;;;
Mogielnica;140607 3;;;
Mogielnica ñ miasto;140607 4;;;
Mogielnica ñ obszar wiejski;140607 5;;;
Nowe Miasto nad Pilicπ;140608 3;;;
Nowe Miasto nad Pilicπ ñ miasto;140608 4;;;
Nowe Miasto nad Pilicπ ñ obszar wiejski;140608 5;;;
Pniewy;140609 2;;;
Warka;140611 3;;;
Warka ñ miasto;140611 4;;;
Warka ñ obszar wiejski;140611 5;;;
Powiat kozienicki;;;;
Gminy:;;;;
Garbatka-Letnisko;140701 2;;;
G≥owaczÛw;140702 2;;;
GniewoszÛw;140703 2;;;
GrabÛw nad Pilicπ;140704 2;;;
Kozienice;140705 3;;;
Kozienice ñ miasto;140705 4;;;
Kozienice ñ obszar wiejski;140705 5;;;
Magnuszew;140706 2;;;
SieciechÛw;140707 2;;;
Powiat legionowski;;;;
Gmina miejska:;;;;
Legionowo;140801 1;;;
Gminy:;;;;
Jab≥onna;140802 2;;;
NieporÍt;140803 2;;;
Serock;140804 3;;;
Serock ñ miasto;140804 4;;;
Serock ñ obszar wiejski;140804 5;;;
Wieliszew;140805 2;;;
Powiat lipski;;;;
Gminy:;;;;
Chotcza;140901 2;;;
CiepielÛw;140902 2;;;
Lipsko;140903 3;;;
Lipsko ñ miasto;140903 4;;;
Lipsko ñ obszar wiejski;140903 5;;;
RzeczniÛw;140904 2;;;
Sienno;140905 2;;;
Solec nad Wis≥π;140906 2;kod wygas≥ 31.12.2020;;
Solec nad Wis≥π;140906 3;obowiπzuje od 01.01.2021;;
Solec nad Wis≥π ñ miasto;140906 4;obowiπzuje od 01.01.2021;;
Solec nad Wis≥π ñ obszar wiejski;140906 5;obowiπzuje od 01.01.2021;;
Powiat ≥osicki;;;;
Gminy:;;;;
Huszlew;141001 2;;;
£osice;141002 3;;;
£osice ñ miasto;141002 4;;;
£osice ñ obszar wiejski;141002 5;;;
Olszanka;141003 2;;;
PlaterÛw;141004 2;;;
Sarnaki;141005 2;;;
Stara Kornica;141006 2;;;
Powiat makowski;;;;
Gmina miejska:;;;;
MakÛw Mazowiecki;141101 1;;;
Gminy:;;;;
Czerwonka;141102 2;;;
Karniewo;141103 2;;;
Krasnosielc;141104 2;;;
M≥ynarze;141105 2;;;
P≥oniawy-Bramura;141106 2;;;
RÛøan;141107 3;;;
RÛøan ñ miasto;141107 4;;;
RÛøan ñ obszar wiejski;141107 5;;;
Rzewnie;141108 2;;;
Sypniewo;141109 2;;;
SzelkÛw;141110 2;;;
Powiat miÒski;;;;
Gminy miejskie:;;;;
MiÒsk Mazowiecki;141201 1;;;
SulejÛwek;141215 1;;;
Gminy:;;;;
Ceg≥Ûw;141204 2;;;
DÍbe Wielkie;141205 2;;;
Dobre;141206 2;;;
HalinÛw;141207 3;;;
HalinÛw ñ miasto;141207 4;;;
HalinÛw ñ obszar wiejski;141207 5;;;
JakubÛw;141208 2;;;
Ka≥uszyn;141209 3;;;
Ka≥uszyn ñ miasto;141209 4;;;
Ka≥uszyn ñ obszar wiejski;141209 5;;;
Latowicz;141210 2;;;
MiÒsk Mazowiecki;141211 2;;;
Mrozy;141212 2;kod wygas≥ 31.12.2013;;
Mrozy;141212 3;obowiπzuje od 01.01.2014;;
Mrozy ñ miasto;141212 4;obowiπzuje od 01.01.2014;;
Mrozy ñ obszar wiejski;141212 5;obowiπzuje od 01.01.2014;;
Siennica;141213 2;;;
Stanis≥awÛw;141214 2;;;
Powiat m≥awski;;;;
Gmina miejska:;;;;
M≥awa;141301 1;;;
Gminy:;;;;
Dzierzgowo;141302 2;;;
Lipowiec Koúcielny;141303 2;;;
RadzanÛw;141304 2;;;
Strzegowo;141305 2;;;
Stupsk;141306 2;;;
SzreÒsk;141307 2;;;
Szyd≥owo;141308 2;;;
Wieczfnia Koúcielna;141309 2;;;
Wiúniewo;141310 2;;;
Powiat nowodworski;;;;
Gmina miejska:;;;;
Nowy DwÛr Mazowiecki;141401 1;;;
Gminy:;;;;
CzosnÛw;141402 2;;;
Leoncin;141403 2;;;
Nasielsk;141404 3;;;
Nasielsk ñ miasto;141404 4;;;
Nasielsk ñ obszar wiejski;141404 5;;;
PomiechÛwek;141405 2;;;
Zakroczym;141406 3;;;
Zakroczym ñ miasto;141406 4;;;
Zakroczym ñ obszar wiejski;141406 5;;;
Powiat ostro≥Ícki;;;;
Gminy:;;;;
Baranowo;141501 2;;;
Czarnia;141502 2;;;
Czerwin;141503 2;;;
Goworowo;141504 2;;;
Kadzid≥o;141505 2;;;
Lelis;141506 2;;;
£yse;141507 2;;;
Myszyniec;141508 3;;;
Myszyniec ñ miasto;141508 4;;;
Myszyniec ñ obszar wiejski;141508 5;;;
Olszewo-Borki;141509 2;;;
RzekuÒ;141510 2;;;
Troszyn;141511 2;;;
Powiat ostrowski;;;;
Gmina miejska:;;;;
OstrÛw Mazowiecka;141601 1;;;
Gminy:;;;;
Andrzejewo;141602 2;;;
Boguty-Pianki;141603 2;;;
Brok;141604 3;;;
Brok ñ miasto;141604 4;;;
Brok ñ obszar wiejski;141604 5;;;
Ma≥kinia GÛrna;141605 2;;;
Nur;141606 2;;;
OstrÛw Mazowiecka;141607 2;;;
Stary LubotyÒ;141608 2;;;
Szulborze Wielkie;141609 2;;;
Wπsewo;141610 2;;;
ZarÍby Koúcielne;141611 2;;;
Powiat otwocki;;;;
Gminy miejskie:;;;;
JÛzefÛw;141701 1;;;
Otwock;141702 1;;;
Gminy:;;;;
CelestynÛw;141703 2;;;
Karczew;141704 3;;;
Karczew ñ miasto;141704 4;;;
Karczew ñ obszar wiejski;141704 5;;;
Ko≥biel;141705 2;;;
Osieck;141706 2;;;
Sobienie-Jeziory;141707 2;;;
Wiπzowna;141708 2;;;
Powiat piaseczyÒski;;;;
Gminy:;;;;
GÛra Kalwaria;141801 3;;;
GÛra Kalwaria ñ miasto;141801 4;;;
GÛra Kalwaria ñ obszar wiejski;141801 5;;;
Konstancin-Jeziorna;141802 3;;;
Konstancin-Jeziorna ñ miasto;141802 4;;;
Konstancin-Jeziorna ñ obszar wiejski;141802 5;;;
Lesznowola;141803 2;;;
Piaseczno;141804 3;;;
Piaseczno ñ miasto;141804 4;;;
Piaseczno ñ obszar wiejski;141804 5;;;
PraømÛw;141805 2;;;
Tarczyn;141806 3;;;
Tarczyn ñ miasto;141806 4;;;
Tarczyn ñ obszar wiejski;141806 5;;;
Powiat p≥ocki;;;;
Gminy:;;;;
Bielsk;141901 2;;;
BodzanÛw;141902 2;;;
BrudzeÒ Duøy;141903 2;;;
Bulkowo;141904 2;;;
Drobin;141905 3;;;
Drobin ñ miasto;141905 4;;;
Drobin ñ obszar wiejski;141905 5;;;
Gπbin;141906 3;;;
Gπbin ñ miasto;141906 4;;;
Gπbin ñ obszar wiejski;141906 5;;;
£πck;141907 2;;;
Ma≥a Wieú;141908 2;;;
Nowy DuninÛw;141909 2;;;
Radzanowo;141910 2;;;
S≥ubice;141911 2;;;
S≥upno;141912 2;;;
Stara Bia≥a;141913 2;;;
Staroüreby;141914 2;;;
WyszogrÛd;141915 3;;;
WyszogrÛd ñ miasto;141915 4;;;
WyszogrÛd ñ obszar wiejski;141915 5;;;
Powiat p≥oÒski;;;;
Gminy miejskie:;;;;
P≥oÒsk;142001 1;;;
Raciπø;142002 1;;;
Gminy:;;;;
Baboszewo;142003 2;;;
CzerwiÒsk nad Wis≥π;142004 2;kod wygas≥ 31.12.2019;;
CzerwiÒsk nad Wis≥π;142004 3;obowiπzuje od 01.01.2020;;
CzerwiÒsk nad Wis≥π ñ miasto;142004 4;obowiπzuje od 01.01.2020;;
CzerwiÒsk nad Wis≥π ñ obszar wiejski;142004 5;obowiπzuje od 01.01.2020;;
Dzierzπønia;142005 2;;;
Joniec;142006 2;;;
Naruszewo;142007 2;;;
Nowe Miasto;142008 2;;;
P≥oÒsk;142009 2;;;
Raciπø;142010 2;;;
Sochocin;142011 2;kod wygas≥ 31.12.2020;;
Sochocin;142011 3;obowiπzuje od 01.01.2021;;
Sochocin ñ miasto;142011 4;obowiπzuje od 01.01.2021;;
Sochocin ñ obszar wiejski;142011 5;obowiπzuje od 01.01.2021;;
Za≥uski;142012 2;;;
Powiat pruszkowski;;;;
Gminy miejskie:;;;;
PiastÛw;142101 1;;;
PruszkÛw;142102 1;;;
Gminy:;;;;
BrwinÛw;142103 3;;;
BrwinÛw ñ miasto;142103 4;;;
BrwinÛw ñ obszar wiejski;142103 5;;;
Micha≥owice;142104 2;;;
Nadarzyn;142105 2;;;
Raszyn;142106 2;;;
Powiat przasnyski;;;;
Gmina miejska:;;;;
Przasnysz;142201 1;;;
Gminy:;;;;
Chorzele;142202 3;;;
Chorzele ñ miasto;142202 4;;;
Chorzele ñ obszar wiejski;142202 5;;;
Czernice Borowe;142203 2;;;
Jednoroøec;142204 2;;;
Krasne;142205 2;;;
Krzynow≥oga Ma≥a;142206 2;;;
Przasnysz;142207 2;;;
Powiat przysuski;;;;
Gminy:;;;;
Borkowice;142301 2;;;
GielniÛw;142302 2;;;
KlwÛw;142303 2;;;
OdrzywÛ≥;142304 2;;;
PotworÛw;142305 2;;;
Przysucha;142306 3;;;
Przysucha ñ miasto;142306 4;;;
Przysucha ñ obszar wiejski;142306 5;;;
RusinÛw;142307 2;;;
Wieniawa;142308 2;;;
Powiat pu≥tuski;;;;
Gminy:;;;;
Gzy;142401 2;;;
Obryte;142402 2;;;
Pokrzywnica;142403 2;;;
Pu≥tusk;142404 3;;;
Pu≥tusk ñ miasto;142404 4;;;
Pu≥tusk ñ obszar wiejski;142404 5;;;
åwiercze;142405 2;;;
Winnica;142406 2;;;
Zatory;142407 2;;;
Powiat radomski;;;;
Gmina miejska:;;;;
Pionki;142501 1;;;
Gminy:;;;;
GÛzd;142502 2;;;
I≥øa;142503 3;;;
I≥øa ñ miasto;142503 4;;;
I≥øa ñ obszar wiejski;142503 5;;;
JastrzÍbia;142504 2;;;
JedliÒsk;142505 2;;;
Jedlnia-Letnisko;142506 2;;;
Kowala;142507 2;;;
Pionki;142508 2;;;
Przytyk;142509 2;;;
Skaryszew;142510 3;;;
Skaryszew ñ miasto;142510 4;;;
Skaryszew ñ obszar wiejski;142510 5;;;
Wierzbica;142511 2;;;
WolanÛw;142512 2;;;
Zakrzew;142513 2;;;
Powiat siedlecki;;;;
Gminy:;;;;
Domanice;142601 2;;;
Korczew;142602 2;;;
KotuÒ;142603 2;;;
Mokobody;142604 2;;;
Mordy;142605 3;;;
Mordy ñ miasto;142605 4;;;
Mordy ñ obszar wiejski;142605 5;;;
Paprotnia;142606 2;;;
Przesmyki;142607 2;;;
Siedlce;142608 2;;;
SkÛrzec;142609 2;;;
Suchoøebry;142610 2;;;
Wiúniew;142611 2;;;
Wodynie;142612 2;;;
Zbuczyn;142613 2;;;
Powiat sierpecki;;;;
Gmina miejska:;;;;
Sierpc;142701 1;;;
Gminy:;;;;
Gozdowo;142702 2;;;
Mochowo;142703 2;;;
Roúciszewo;142704 2;;;
Sierpc;142705 2;;;
Szczutowo;142706 2;;;
Zawidz;142707 2;;;
Powiat sochaczewski;;;;
Gmina miejska:;;;;
Sochaczew;142801 1;;;
Gminy:;;;;
BrochÛw;142802 2;;;
I≥Ûw;142803 2;;;
M≥odzieszyn;142804 2;;;
Nowa Sucha;142805 2;;;
Rybno;142806 2;;;
Sochaczew;142807 2;;;
Teresin;142808 2;;;
Powiat soko≥owski;;;;
Gmina miejska:;;;;
Soko≥Ûw Podlaski;142901 1;;;
Gminy:;;;;
Bielany;142902 2;;;
CeranÛw;142903 2;;;
Jab≥onna Lacka;142904 2;;;
KosÛw Lacki;142905 3;;;
KosÛw Lacki ñ miasto;142905 4;;;
KosÛw Lacki ñ obszar wiejski;142905 5;;;
Repki;142906 2;;;
Sabnie;142907 2;;;
Soko≥Ûw Podlaski;142908 2;;;
SterdyÒ;142909 2;;;
Powiat szyd≥owiecki;;;;
Gminy:;;;;
Chlewiska;143001 2;;;
Jastrzπb;143002 2;;;
MirÛw;143003 2;;;
OroÒsko;143004 2;;;
Szyd≥owiec;143005 3;;;
Szyd≥owiec ñ miasto;143005 4;;;
Szyd≥owiec ñ obszar wiejski;143005 5;;;
Powiat warszawski zachodni;;;;
Gminy:;;;;
B≥onie;143201 3;;;
B≥onie ñ miasto;143201 4;;;
B≥onie ñ obszar wiejski;143201 5;;;
Izabelin;143202 2;;;
Kampinos;143203 2;;;
Leszno;143204 2;;;
£omianki;143205 3;;;
£omianki ñ miasto;143205 4;;;
£omianki ñ obszar wiejski;143205 5;;;
OøarÛw Mazowiecki;143206 3;;;
OøarÛw Mazowiecki ñ miasto;143206 4;;;
OøarÛw Mazowiecki ñ obszar wiejski;143206 5;;;
Stare Babice;143207 2;;;
Powiat wÍgrowski;;;;
Gmina miejska:;;;;
WÍgrÛw;143301 1;;;
Gminy:;;;;
GrÍbkÛw;143302 2;;;
Korytnica;143303 2;;;
Liw;143304 2;;;
£ochÛw;143305 3;;;
£ochÛw ñ miasto;143305 4;;;
£ochÛw ñ obszar wiejski;143305 5;;;
Miedzna;143306 2;;;
Sadowne;143307 2;;;
Stoczek;143308 2;;;
Wierzbno;143309 2;;;
Powiat wo≥omiÒski;;;;
Gminy miejskie:;;;;
Koby≥ka;143401 1;;;
Marki;143402 1;;;
Zπbki;143403 1;;;
Zielonka;143404 1;;;
Gminy:;;;;
DπbrÛwka;143405 2;;;
JadÛw;143406 2;;;
KlembÛw;143407 2;;;
PoúwiÍtne;143408 2;;;
Radzymin;143409 3;;;
Radzymin ñ miasto;143409 4;;;
Radzymin ñ obszar wiejski;143409 5;;;
StrachÛwka;143410 2;;;
T≥uszcz;143411 3;;;
T≥uszcz ñ miasto;143411 4;;;
T≥uszcz ñ obszar wiejski;143411 5;;;
Wo≥omin;143412 3;;;
Wo≥omin ñ miasto;143412 4;;;
Wo≥omin ñ obszar wiejski;143412 5;;;
Powiat wyszkowski;;;;
Gminy:;;;;
BraÒszczyk;143501 2;;;
D≥ugosiod≥o;143502 2;;;
Rzπúnik;143503 2;;;
Somianka;143504 2;;;
WyszkÛw;143505 3;;;
WyszkÛw ñ miasto;143505 4;;;
WyszkÛw ñ obszar wiejski;143505 5;;;
Zabrodzie;143506 2;;;
Powiat zwoleÒski;;;;
Gminy:;;;;
KazanÛw;143601 2;;;
Policzna;143602 2;;;
Przy≥Ík;143603 2;;;
TczÛw;143604 2;;;
ZwoleÒ;143605 3;;;
ZwoleÒ ñ miasto;143605 4;;;
ZwoleÒ ñ obszar wiejski;143605 5;;;
Powiat øuromiÒski;;;;
Gminy:;;;;
BieøuÒ;143701 3;;;
BieøuÒ ñ miasto;143701 4;;;
BieøuÒ ñ obszar wiejski;143701 5;;;
Kuczbork-Osada;143702 2;;;
Lubowidz;143703 2;kod wygas≥ 21.02.2019;;
Lubowidz;143703 3;obowiπzuje od 22.02.2019;;
Lubowidz ñ miasto;143703 4;obowiπzuje od 22.02.2019;;
Lubowidz ñ obszar wiejski;143703 5;obowiπzuje od 22.02.2019;;
Lutocin;143704 2;;;
Siemiπtkowo;143705 2;;;
Øuromin;143706 3;;;
Øuromin ñ miasto;143706 4;;;
Øuromin ñ obszar wiejski;143706 5;;;
Powiat øyrardowski;;;;
Gmina miejska:;;;;
ØyrardÛw;143801 1;;;
Gminy:;;;;
MszczonÛw;143802 3;;;
MszczonÛw ñ miasto;143802 4;;;
MszczonÛw ñ obszar wiejski;143802 5;;;
Puszcza MariaÒska;143803 2;;;
Radziejowice;143804 2;;;
Wiskitki;143805 2;kod wygas≥ 31.12.2020;;
Wiskitki;143805 3;obowiπzuje od 01.01.2021;;
Wiskitki ñ miasto;143805 4;obowiπzuje od 01.01.2021;;
Wiskitki ñ obszar wiejski;143805 5;obowiπzuje od 01.01.2021;;
Miasta na prawach powiatu:;;;;
Powiat m. Ostro≥Íka;;;;
M. Ostro≥Íka;146101 1;;;
Powiat m. P≥ock;;;;
M. P≥ock;146201 1;;;
Powiat m. Radom;;;;
M. Radom;146301 1;;;
Powiat m. Siedlce;;;;
M. Siedlce;146401 1;;;
Powiat m.st. Warszawa;;;;
M.st. Warszawa;146501 1;;;
Dzielnice:;;;;
Bemowo;146502 8;;;
Bia≥o≥Íka;146503 8;;;
Bielany;146504 8;;;
MokotÛw;146505 8;;;
Ochota;146506 8;;;
Praga Po≥udnie;146507 8;;;
Praga PÛ≥noc;146508 8;;;
RembertÛw;146509 8;;;
årÛdmieúcie;146510 8;;;
TargÛwek;146511 8;;;
Ursus;146512 8;;;
UrsynÛw;146513 8;;;
Wawer;146514 8;;;
Weso≥a;146515 8;;;
WilanÛw;146516 8;;;
W≥ochy;146517 8;;;
Wola;146518 8;;;
Øoliborz;146519 8;;;
